/*
Navicat MySQL Data Transfer

Source Server         : localhost
Source Server Version : 50721
Source Host           : localhost:3306
Source Database       : cloud-pms

Target Server Type    : MYSQL
Target Server Version : 50721
File Encoding         : 65001

Date: 2018-10-29 17:18:13
*/

SET FOREIGN_KEY_CHECKS=0;

-- ----------------------------
-- Table structure for `act_evt_log`
-- ----------------------------
DROP TABLE IF EXISTS `act_evt_log`;
CREATE TABLE `act_evt_log` (
  `LOG_NR_` bigint(20) NOT NULL AUTO_INCREMENT,
  `TYPE_` varchar(64) COLLATE utf8_bin DEFAULT NULL,
  `PROC_DEF_ID_` varchar(64) COLLATE utf8_bin DEFAULT NULL,
  `PROC_INST_ID_` varchar(64) COLLATE utf8_bin DEFAULT NULL,
  `EXECUTION_ID_` varchar(64) COLLATE utf8_bin DEFAULT NULL,
  `TASK_ID_` varchar(64) COLLATE utf8_bin DEFAULT NULL,
  `TIME_STAMP_` timestamp(3) NOT NULL DEFAULT CURRENT_TIMESTAMP(3) ON UPDATE CURRENT_TIMESTAMP(3),
  `USER_ID_` varchar(255) COLLATE utf8_bin DEFAULT NULL,
  `DATA_` longblob,
  `LOCK_OWNER_` varchar(255) COLLATE utf8_bin DEFAULT NULL,
  `LOCK_TIME_` timestamp(3) NULL DEFAULT NULL,
  `IS_PROCESSED_` tinyint(4) DEFAULT '0',
  PRIMARY KEY (`LOG_NR_`)
) ENGINE=InnoDB DEFAULT CHARSET=utf8 COLLATE=utf8_bin;

-- ----------------------------
-- Records of act_evt_log
-- ----------------------------

-- ----------------------------
-- Table structure for `act_ge_bytearray`
-- ----------------------------
DROP TABLE IF EXISTS `act_ge_bytearray`;
CREATE TABLE `act_ge_bytearray` (
  `ID_` varchar(64) COLLATE utf8_bin NOT NULL,
  `REV_` int(11) DEFAULT NULL,
  `NAME_` varchar(255) COLLATE utf8_bin DEFAULT NULL,
  `DEPLOYMENT_ID_` varchar(64) COLLATE utf8_bin DEFAULT NULL,
  `BYTES_` longblob,
  `GENERATED_` tinyint(4) DEFAULT NULL,
  PRIMARY KEY (`ID_`),
  KEY `ACT_FK_BYTEARR_DEPL` (`DEPLOYMENT_ID_`),
  CONSTRAINT `ACT_FK_BYTEARR_DEPL` FOREIGN KEY (`DEPLOYMENT_ID_`) REFERENCES `act_re_deployment` (`ID_`)
) ENGINE=InnoDB DEFAULT CHARSET=utf8 COLLATE=utf8_bin;

-- ----------------------------
-- Records of act_ge_bytearray
-- ----------------------------
INSERT INTO `act_ge_bytearray` VALUES ('10002', '1', 'source', null, 0x7B226964223A2263616E766173222C227265736F757263654964223A2263616E766173222C227374656E63696C736574223A7B226E616D657370616365223A22687474703A2F2F62336D6E2E6F72672F7374656E63696C7365742F62706D6E322E3023227D7D, null);
INSERT INTO `act_ge_bytearray` VALUES ('10004', '1', 'source', null, 0x7B226964223A2263616E766173222C227265736F757263654964223A2263616E766173222C227374656E63696C736574223A7B226E616D657370616365223A22687474703A2F2F62336D6E2E6F72672F7374656E63696C7365742F62706D6E322E3023227D7D, null);
INSERT INTO `act_ge_bytearray` VALUES ('10006', '1', 'source', null, 0x7B226964223A2263616E766173222C227265736F757263654964223A2263616E766173222C227374656E63696C736574223A7B226E616D657370616365223A22687474703A2F2F62336D6E2E6F72672F7374656E63696C7365742F62706D6E322E3023227D7D, null);
INSERT INTO `act_ge_bytearray` VALUES ('12502', '1', 'source', null, 0x7B226964223A2263616E766173222C227265736F757263654964223A2263616E766173222C227374656E63696C736574223A7B226E616D657370616365223A22687474703A2F2F62336D6E2E6F72672F7374656E63696C7365742F62706D6E322E3023227D7D, null);
INSERT INTO `act_ge_bytearray` VALUES ('12504', '1', 'source', null, 0x7B226964223A2263616E766173222C227265736F757263654964223A2263616E766173222C227374656E63696C736574223A7B226E616D657370616365223A22687474703A2F2F62336D6E2E6F72672F7374656E63696C7365742F62706D6E322E3023227D7D, null);
INSERT INTO `act_ge_bytearray` VALUES ('12506', '1', 'source', null, 0x7B226964223A2263616E766173222C227265736F757263654964223A2263616E766173222C227374656E63696C736574223A7B226E616D657370616365223A22687474703A2F2F62336D6E2E6F72672F7374656E63696C7365742F62706D6E322E3023227D7D, null);
INSERT INTO `act_ge_bytearray` VALUES ('15002', '1', 'source', null, 0x7B226964223A2263616E766173222C227265736F757263654964223A2263616E766173222C227374656E63696C736574223A7B226E616D657370616365223A22687474703A2F2F62336D6E2E6F72672F7374656E63696C7365742F62706D6E322E3023227D7D, null);
INSERT INTO `act_ge_bytearray` VALUES ('15004', '1', 'source', null, 0x7B226964223A2263616E766173222C227265736F757263654964223A2263616E766173222C227374656E63696C736574223A7B226E616D657370616365223A22687474703A2F2F62336D6E2E6F72672F7374656E63696C7365742F62706D6E322E3023227D7D, null);
INSERT INTO `act_ge_bytearray` VALUES ('15006', '1', 'source', null, 0x7B226964223A2263616E766173222C227265736F757263654964223A2263616E766173222C227374656E63696C736574223A7B226E616D657370616365223A22687474703A2F2F62336D6E2E6F72672F7374656E63696C7365742F62706D6E322E3023227D7D, null);
INSERT INTO `act_ge_bytearray` VALUES ('15008', '1', 'source', null, 0x7B226964223A2263616E766173222C227265736F757263654964223A2263616E766173222C227374656E63696C736574223A7B226E616D657370616365223A22687474703A2F2F62336D6E2E6F72672F7374656E63696C7365742F62706D6E322E3023227D7D, null);
INSERT INTO `act_ge_bytearray` VALUES ('17502', '1', 'source', null, 0x7B226964223A2263616E766173222C227265736F757263654964223A2263616E766173222C227374656E63696C736574223A7B226E616D657370616365223A22687474703A2F2F62336D6E2E6F72672F7374656E63696C7365742F62706D6E322E3023227D7D, null);
INSERT INTO `act_ge_bytearray` VALUES ('17504', '1', 'source', null, 0x7B226964223A2263616E766173222C227265736F757263654964223A2263616E766173222C227374656E63696C736574223A7B226E616D657370616365223A22687474703A2F2F62336D6E2E6F72672F7374656E63696C7365742F62706D6E322E3023227D7D, null);
INSERT INTO `act_ge_bytearray` VALUES ('17506', '1', 'source', null, 0x7B226964223A2263616E766173222C227265736F757263654964223A2263616E766173222C227374656E63696C736574223A7B226E616D657370616365223A22687474703A2F2F62336D6E2E6F72672F7374656E63696C7365742F62706D6E322E3023227D7D, null);
INSERT INTO `act_ge_bytearray` VALUES ('2', '1', 'source', null, 0x7B226964223A2263616E766173222C227265736F757263654964223A2263616E766173222C227374656E63696C736574223A7B226E616D657370616365223A22687474703A2F2F62336D6E2E6F72672F7374656E63696C7365742F62706D6E322E3023227D7D, null);
INSERT INTO `act_ge_bytearray` VALUES ('20002', '1', 'source', null, 0x7B226964223A2263616E766173222C227265736F757263654964223A2263616E766173222C227374656E63696C736574223A7B226E616D657370616365223A22687474703A2F2F62336D6E2E6F72672F7374656E63696C7365742F62706D6E322E3023227D7D, null);
INSERT INTO `act_ge_bytearray` VALUES ('20004', '1', 'source', null, 0x7B226964223A2263616E766173222C227265736F757263654964223A2263616E766173222C227374656E63696C736574223A7B226E616D657370616365223A22687474703A2F2F62336D6E2E6F72672F7374656E63696C7365742F62706D6E322E3023227D7D, null);
INSERT INTO `act_ge_bytearray` VALUES ('22502', '1', 'source', null, 0x7B226964223A2263616E766173222C227265736F757263654964223A2263616E766173222C227374656E63696C736574223A7B226E616D657370616365223A22687474703A2F2F62336D6E2E6F72672F7374656E63696C7365742F62706D6E322E3023227D7D, null);
INSERT INTO `act_ge_bytearray` VALUES ('22504', '1', 'source', null, 0x7B226964223A2263616E766173222C227265736F757263654964223A2263616E766173222C227374656E63696C736574223A7B226E616D657370616365223A22687474703A2F2F62336D6E2E6F72672F7374656E63696C7365742F62706D6E322E3023227D7D, null);
INSERT INTO `act_ge_bytearray` VALUES ('22506', '1', 'source', null, 0x7B226964223A2263616E766173222C227265736F757263654964223A2263616E766173222C227374656E63696C736574223A7B226E616D657370616365223A22687474703A2F2F62336D6E2E6F72672F7374656E63696C7365742F62706D6E322E3023227D7D, null);
INSERT INTO `act_ge_bytearray` VALUES ('25002', '1', 'source', null, 0x7B226964223A2263616E766173222C227265736F757263654964223A2263616E766173222C227374656E63696C736574223A7B226E616D657370616365223A22687474703A2F2F62336D6E2E6F72672F7374656E63696C7365742F62706D6E322E3023227D7D, null);
INSERT INTO `act_ge_bytearray` VALUES ('25004', '1', 'source', null, 0x7B226964223A2263616E766173222C227265736F757263654964223A2263616E766173222C227374656E63696C736574223A7B226E616D657370616365223A22687474703A2F2F62336D6E2E6F72672F7374656E63696C7365742F62706D6E322E3023227D7D, null);
INSERT INTO `act_ge_bytearray` VALUES ('2502', '1', 'source', null, 0x7B226964223A2263616E766173222C227265736F757263654964223A2263616E766173222C227374656E63696C736574223A7B226E616D657370616365223A22687474703A2F2F62336D6E2E6F72672F7374656E63696C7365742F62706D6E322E3023227D7D, null);
INSERT INTO `act_ge_bytearray` VALUES ('2504', '1', 'source', null, 0x7B226964223A2263616E766173222C227265736F757263654964223A2263616E766173222C227374656E63696C736574223A7B226E616D657370616365223A22687474703A2F2F62336D6E2E6F72672F7374656E63696C7365742F62706D6E322E3023227D7D, null);
INSERT INTO `act_ge_bytearray` VALUES ('27502', '1', 'source', null, 0x7B226964223A2263616E766173222C227265736F757263654964223A2263616E766173222C227374656E63696C736574223A7B226E616D657370616365223A22687474703A2F2F62336D6E2E6F72672F7374656E63696C7365742F62706D6E322E3023227D7D, null);
INSERT INTO `act_ge_bytearray` VALUES ('27504', '1', 'source', null, 0x7B226964223A2263616E766173222C227265736F757263654964223A2263616E766173222C227374656E63696C736574223A7B226E616D657370616365223A22687474703A2F2F62336D6E2E6F72672F7374656E63696C7365742F62706D6E322E3023227D7D, null);
INSERT INTO `act_ge_bytearray` VALUES ('30002', '1', 'source', null, 0x7B226964223A2263616E766173222C227265736F757263654964223A2263616E766173222C227374656E63696C736574223A7B226E616D657370616365223A22687474703A2F2F62336D6E2E6F72672F7374656E63696C7365742F62706D6E322E3023227D7D, null);
INSERT INTO `act_ge_bytearray` VALUES ('30004', '1', 'source', null, 0x7B226964223A2263616E766173222C227265736F757263654964223A2263616E766173222C227374656E63696C736574223A7B226E616D657370616365223A22687474703A2F2F62336D6E2E6F72672F7374656E63696C7365742F62706D6E322E3023227D7D, null);
INSERT INTO `act_ge_bytearray` VALUES ('32502', '1', 'source', null, 0x7B226964223A2263616E766173222C227265736F757263654964223A2263616E766173222C227374656E63696C736574223A7B226E616D657370616365223A22687474703A2F2F62336D6E2E6F72672F7374656E63696C7365742F62706D6E322E3023227D7D, null);
INSERT INTO `act_ge_bytearray` VALUES ('32504', '1', 'source', null, 0x7B226964223A2263616E766173222C227265736F757263654964223A2263616E766173222C227374656E63696C736574223A7B226E616D657370616365223A22687474703A2F2F62336D6E2E6F72672F7374656E63696C7365742F62706D6E322E3023227D7D, null);
INSERT INTO `act_ge_bytearray` VALUES ('35002', '1', 'source', null, 0x7B226964223A2263616E766173222C227265736F757263654964223A2263616E766173222C227374656E63696C736574223A7B226E616D657370616365223A22687474703A2F2F62336D6E2E6F72672F7374656E63696C7365742F62706D6E322E3023227D7D, null);
INSERT INTO `act_ge_bytearray` VALUES ('35004', '1', 'source', null, 0x7B226964223A2263616E766173222C227265736F757263654964223A2263616E766173222C227374656E63696C736574223A7B226E616D657370616365223A22687474703A2F2F62336D6E2E6F72672F7374656E63696C7365742F62706D6E322E3023227D7D, null);
INSERT INTO `act_ge_bytearray` VALUES ('37502', '1', 'source', null, 0x7B226964223A2263616E766173222C227265736F757263654964223A2263616E766173222C227374656E63696C736574223A7B226E616D657370616365223A22687474703A2F2F62336D6E2E6F72672F7374656E63696C7365742F62706D6E322E3023227D7D, null);
INSERT INTO `act_ge_bytearray` VALUES ('4', '1', 'source', null, 0x7B226964223A2263616E766173222C227265736F757263654964223A2263616E766173222C227374656E63696C736574223A7B226E616D657370616365223A22687474703A2F2F62336D6E2E6F72672F7374656E63696C7365742F62706D6E322E3023227D7D, null);
INSERT INTO `act_ge_bytearray` VALUES ('40002', '1', 'source', null, 0x7B226964223A2263616E766173222C227265736F757263654964223A2263616E766173222C227374656E63696C736574223A7B226E616D657370616365223A22687474703A2F2F62336D6E2E6F72672F7374656E63696C7365742F62706D6E322E3023227D7D, null);
INSERT INTO `act_ge_bytearray` VALUES ('40004', '2', 'source', null, 0x7B227265736F757263654964223A223430303033222C2270726F70657274696573223A7B2270726F636573735F6964223A2270726F63657373222C226E616D65223A226669727374222C22646F63756D656E746174696F6E223A227364667364222C2270726F636573735F617574686F72223A22E4BA8EE98791E8B0B7222C2270726F636573735F76657273696F6E223A22312E30222C2270726F636573735F6E616D657370616365223A22687474703A2F2F7777772E61637469766974692E6F72672F70726F63657373646566222C22657865637574696F6E6C697374656E657273223A22222C226576656E746C697374656E657273223A22222C227369676E616C646566696E6974696F6E73223A22222C226D657373616765646566696E6974696F6E73223A22227D2C227374656E63696C223A7B226964223A2242504D4E4469616772616D227D2C226368696C64536861706573223A5B7B227265736F757263654964223A227369642D32323036353137312D434430302D344239322D414344302D333837393034343039463231222C2270726F70657274696573223A7B226F766572726964656964223A22222C226E616D65223A22222C22646F63756D656E746174696F6E223A22222C22657865637574696F6E6C697374656E657273223A22222C22696E69746961746F72223A22222C22666F726D6B6579646566696E6974696F6E223A22222C22666F726D70726F70657274696573223A22227D2C227374656E63696C223A7B226964223A2253746172744E6F6E654576656E74227D2C226368696C64536861706573223A5B5D2C226F7574676F696E67223A5B7B227265736F757263654964223A227369642D38413432344333392D463442412D344141322D383831342D324233373735313946443943227D5D2C22626F756E6473223A7B226C6F7765725269676874223A7B2278223A39352C2279223A36307D2C2275707065724C656674223A7B2278223A36352C2279223A33307D7D2C22646F636B657273223A5B5D7D2C7B227265736F757263654964223A227369642D41394244374237432D383241392D343238322D393242342D373936353143413645464630222C2270726F70657274696573223A7B226F766572726964656964223A22222C226E616D65223A22222C22646F63756D656E746174696F6E223A22222C226173796E6368726F6E6F7573646566696E6974696F6E223A2266616C7365222C226578636C7573697665646566696E6974696F6E223A2266616C7365222C22657865637574696F6E6C697374656E657273223A22222C226D756C7469696E7374616E63655F74797065223A224E6F6E65222C226D756C7469696E7374616E63655F63617264696E616C697479223A22222C226D756C7469696E7374616E63655F636F6C6C656374696F6E223A22222C226D756C7469696E7374616E63655F7661726961626C65223A22222C226D756C7469696E7374616E63655F636F6E646974696F6E223A22222C226973666F72636F6D70656E736174696F6E223A2266616C7365222C22757365727461736B61737369676E6D656E74223A22222C22666F726D6B6579646566696E6974696F6E223A22222C2264756564617465646566696E6974696F6E223A22222C227072696F72697479646566696E6974696F6E223A22222C22666F726D70726F70657274696573223A22222C227461736B6C697374656E657273223A22227D2C227374656E63696C223A7B226964223A22557365725461736B227D2C226368696C64536861706573223A5B5D2C226F7574676F696E67223A5B7B227265736F757263654964223A227369642D46323443313845422D303738322D343933412D384236452D304642454344414336363536227D5D2C22626F756E6473223A7B226C6F7765725269676874223A7B2278223A3330302C2279223A3130307D2C2275707065724C656674223A7B2278223A3230302C2279223A32307D7D2C22646F636B657273223A5B5D7D2C7B227265736F757263654964223A227369642D38413432344333392D463442412D344141322D383831342D324233373735313946443943222C2270726F70657274696573223A7B226F766572726964656964223A22222C226E616D65223A22222C22646F63756D656E746174696F6E223A22222C22636F6E646974696F6E73657175656E6365666C6F77223A22222C22657865637574696F6E6C697374656E657273223A22222C2264656661756C74666C6F77223A2266616C7365227D2C227374656E63696C223A7B226964223A2253657175656E6365466C6F77227D2C226368696C64536861706573223A5B5D2C226F7574676F696E67223A5B7B227265736F757263654964223A227369642D41394244374237432D383241392D343238322D393242342D373936353143413645464630227D5D2C22626F756E6473223A7B226C6F7765725269676874223A7B2278223A3139392E3835393337352C2279223A36307D2C2275707065724C656674223A7B2278223A39352E35333132352C2279223A34357D7D2C22646F636B657273223A5B7B2278223A31352C2279223A31357D2C7B2278223A3135372E352C2279223A34357D2C7B2278223A3135372E352C2279223A36307D2C7B2278223A35302C2279223A34307D5D2C22746172676574223A7B227265736F757263654964223A227369642D41394244374237432D383241392D343238322D393242342D373936353143413645464630227D7D2C7B227265736F757263654964223A227369642D42333030363742412D333843302D343533392D393646312D323735353734463138363334222C2270726F70657274696573223A7B226F766572726964656964223A22222C226E616D65223A22222C22646F63756D656E746174696F6E223A22222C22657865637574696F6E6C697374656E657273223A22227D2C227374656E63696C223A7B226964223A22456E644E6F6E654576656E74227D2C226368696C64536861706573223A5B5D2C226F7574676F696E67223A5B5D2C22626F756E6473223A7B226C6F7765725269676874223A7B2278223A3434332C2279223A35347D2C2275707065724C656674223A7B2278223A3431352C2279223A32367D7D2C22646F636B657273223A5B5D7D2C7B227265736F757263654964223A227369642D46323443313845422D303738322D343933412D384236452D304642454344414336363536222C2270726F70657274696573223A7B226F766572726964656964223A22222C226E616D65223A22222C22646F63756D656E746174696F6E223A22222C22636F6E646974696F6E73657175656E6365666C6F77223A22222C22657865637574696F6E6C697374656E657273223A22222C2264656661756C74666C6F77223A2266616C7365227D2C227374656E63696C223A7B226964223A2253657175656E6365466C6F77227D2C226368696C64536861706573223A5B5D2C226F7574676F696E67223A5B7B227265736F757263654964223A227369642D42333030363742412D333843302D343533392D393646312D323735353734463138363334227D5D2C22626F756E6473223A7B226C6F7765725269676874223A7B2278223A3431342E35393337352C2279223A36307D2C2275707065724C656674223A7B2278223A3330302E35353037383132352C2279223A34307D7D2C22646F636B657273223A5B7B2278223A35302C2279223A34307D2C7B2278223A3335372E352C2279223A36307D2C7B2278223A3335372E352C2279223A34307D2C7B2278223A31342C2279223A31347D5D2C22746172676574223A7B227265736F757263654964223A227369642D42333030363742412D333843302D343533392D393646312D323735353734463138363334227D7D5D2C22626F756E6473223A7B226C6F7765725269676874223A7B2278223A313230302C2279223A313035307D2C2275707065724C656674223A7B2278223A302C2279223A307D7D2C227374656E63696C736574223A7B2275726C223A227374656E63696C736574732F62706D6E322E302F62706D6E322E302E6A736F6E222C226E616D657370616365223A22687474703A2F2F62336D6E2E6F72672F7374656E63696C7365742F62706D6E322E3023227D2C227373657874656E73696F6E73223A5B5D7D, null);
INSERT INTO `act_ge_bytearray` VALUES ('40005', '1', 'source-extra', null, 0x89504E470D0A1A0A0000000D49484452000001ED000000960806000000F326D04D000000206348524D00007A26000080840000FA00000080E8000075300000EA6000003A98000017709CBA513C0000000467414D410000B18E7CFB5193000000017352474200AECE1CE900000006624B474400FF00FF00FFA0BDA793000000097048597300000EC400000EC401952B0E1B000010F64944415478DAEDDD0B7054559EC7F1D39D47278001B3896444791554E2AC116411AA5CC0C82020C4852A7092487C8CAB15DD5D6A55DC422CC00CC45ACB0216869A415166788425481044D860649C50322C220498A4701C1402980710421E401A92EEDEFFBFB79B893161803CECDCFE7EAA6EDDA4936EC2E9DBF777FFF79E73AE31000000000000000000000000000000000000000000000000000000000000000000000000000000000000000000000000000000000000000000C1C746130037C7E3F1449C3871E2DF2E5EBC987EF9F2E5F84B972E45B8DD6E1AA6AD3B239BCDE37038CE878787EF6F686858346AD4A83FD02A00A10DDC3209EB172A2B2B173B9DCE6E717171A667CF9EE6B6DB6E3376BB9DC669233DF0910321535B5B6B2A2A2AAEBA5CAEAFEAEBEBD3274C98504CEB00843670534E9D3AB5F5F8F1E353FAF6ED6BEEBCF34EAD0C69940E545656664A4A4AEA3D1E4FDAD8B1633FA2450063426802E0C6025B9629F7DC738F898D8D25B03B819EC1888E8E0E3B7BF6ECE4F4F4F4A2B56BD7FE855601A10DE0BAF494B8547CB334B0A3A2A27EF0F32B17CF988AA35B4CC5571F99CA137F30972F9C308EEE77985047148DD746E1E1E11ADC8E8A8A8A493366CCD8919D9D7D965641300BA50980D669A7B303070E2CD653E2AD05F6E9C2DF9AC6AB97AE3D76B9EA5B73EAE02AD3F71FFED94444F5A111DBA87BF7EEA67FFFFE6E3978FA957C3B9616091E72A076576363E3549BCDF6907C3B549638597AC8E294A5423E9F87E5677F0C0909C959BF7EFD7754DA40907BFAE9A75FBA70E1C2E4848484164F899F3BB6D3D4D79C6E21EC5DDE208F8ABB8F466C0772C01459565616263BF1FF5DB76EDD77B488B5A5A5A54D4D4C4C5C2EA1BC44BE7D4C969FCA122D4B789382B3977C2613643D5E7EEF957BEFBD37499EE32A2E2EFE13953610A4745897F6126FED1A767D6D69ABCFD52A1CEDE78E3BEEA8282D2D9D265FEEA335AC293535B5BF7CD6DE91109E700B4F4F92E725C96B64B85CAE5F6CDAB4E91B421B08323A0E5B43BB351E5743EB4FF63076BB3DC5C4C4F491D04EA225AC29252525D56EB7FFC6ED76DFEE7F2C2424C448056D468E1C69060D1A647AF5EAE5EDA0289F4B535D5DADA30BCCFEFDFB4D6161A16968B8F6591C25CF3B24D5FA8B1B366CC826B48120A213A7E84E023F3E791F7E22AB585AC292819D2C819D2D811DE20FEB471F7DD48C1F3FDE3B5AA3B96EDDBA79171D7AF9E0830F7A037CC78E1D262F2FCF4895ADBFD243AAEE7512DC1112DCEF13DA41483B241515153D7DE8D0A127CACBCB8796959575ABADAD0D753A9D263434D4233B9486E8E8E8D2A8A8A8BDF2EB0B67CF9EFD35ADD6F5E9841F4C9C12187CEF03FB2C6B56D8D9B28FF506B606F14B2FBD64EEBEFBEE1B7E0DADC067CC9861C68C1963962F5F6E4E9F3EEDDF6FBF27C1EDB452C5CD07E006C2FAC30F3F5C9995959576FEFCF9501DF6939494E4DDA024A44D44448491E0B6D5D5D585CB8632A0B8B878406161E1132FBFFCF229A9D2B256AE5CF93EAD685D6191B79B066775CB1F2E07153A703D7A0DDB774ADC1BD8F1F1F166D6AC59E656CF6EE97E393333D32C5DBAD44891E5DF87AF90E03E20C1FD6742DBE2F6EDDBF7EC9B6FBEF99B9A9A1A876C5C66C89021DED336CD6970EBA2A771860D1B669E7AEA29DB912347FAE5E4E4BC93919131ABAAAAEA31AB768A0876D17D1F34572F9DFDDE902F15121669A2FB8DA28180EB90C07EDF7F0D5B2BECB604B69F9E36D74A5DC3DB5771EBA9F2F7643DDA0A6DC690AF96ABEB5009DF5DB9B9B9FF3E7AF4E8D0175E78C1F4E9D3E7A64E936AE7A571E3C6D9C3C2C262BEF9E69BE71F78E08133070F1E2CA475BB163900CBECD7AF5FAB3F0FEF1E6BAE5C3A67AED4957FEF711DEAF577FD1FA201DBD9C99327CDBA75EB7E494B747D3AAC4BF6B573BC4124C5D0DCB9735BBC7E7D2B64BF6B7498E6679F7DA6FB737DA86F6262E2B756180EC6C5BA16027BF7EEDD7B77EDDAF5F02BAFBC629293935BACAE6FD4840913CCFCF9F32325F07FF5DC73CFFD2B2D6C3DAE86FA1F3CD678A58E8681A5A5A6A6CED5E04D4A4ABAD533B6D7F687DAE9EC66AE61DF087D3DDD7F37D9B76758E2EC049BDEF76DDBB62D7FF3E6CD0FCC9B37CF0C1E3CB85D5E532BB5050B166870BF251B793AAD6C0D57A5C2D699CF2E9EFBEA073FBB74FE983975E03DEFEF0016B55082704BEFDEBD6B24C037CABE6DE2E38F3FDEE3469EA8339DC9EA617F95ADA1DD11264E9CE8ADBA7D46E9357442DB42F41A765E5EDEC33367CE6CB7D3347EFA7AAFBFFE7A0FD98096CBC69D406B776D35658512D8EF7BE7196FCDE5EA93A664FF0A73E1D45E39CA67CC36ACC966B37593D5CF25C0F32480CB65FFB64103FC99679E8968ED393A35A9BFB7B8F615D24EBD1D417B956B3FA326A613DA16A1BDC4F3F3F3574C9E3CB9DD2AEC962AEE9494148754DCBFA3C5BB6E757DFAD01A537EF4C31F743E6B89DB75D59CF9CBFF98D385BF33CE66D7BD010BD24E5FA91AE04EA7B35A2ADBF52D9D42F7CD25EE3562C4880EFD839ABD7E97EF6842EF719FAD5BB7AED2615B7A0DBA234D9A342972C78E1D03F434B91567EBB13AAD9C35886F9656E427BF7CD7C48FCDA411112C1CB23C2101FE44EFDEBDEB649FF77BF9FE5D87C35120813ED4FF4B03070EECD03FA27FFFFE4DBF1D4A685BA4CACECACAFAB90EEB6A72FDA3C3646464DCFEF6DB6F6B270C42BB8BB995C0BEB69DB91B69405C97EF9AEB3356FB7F49657D9BEC67A7CA975375422AFD28F97FA6A7B03B52B3D78F21B42D40673A3B7BF66CA85E5BE90CF7DD775FB81C6D0ED00F684E4E4E09EF40D791302E8B464047D2C07E2308FE9FD72ECD76F434C13A6EBB890842DB02746AD2D6264EE928898989155F7CF185768A58C43B00A005813E1EFD460E2EDC5261BBA5D26E7E4D5B1FF706775D5D5D8706B7DE5CA40927A16D013A97B84E4DDA99468E1CD94B42FB21421B404B819D93939319C87F606A6A6AABA12D81DCE80B6ABBACEDF27DB5AC77C9B2DEE170EC743A9D3AC7E820FD5DBDD9474786B6BE7E139584B605E8CD3FAE37EB5547183870A09EB3194AEB03B000AD9C1B24941DBE4A5AB3E5A22C3B65D9181919B96BF5EAD5D54D02FFB03FB48F1F3FDEEE13AB34A5B7EF6CE230A16D017AB7AE8EEE0CD15C434343AC1E8DCAC69B19A4CDBE9AEBF98065D87D81AD419D2BCB8E888888ED12D4CE562AF1DDF2FBDE31D37A3FEC871EEAB89158FAFA4DEC26B42D407B33EA0D3F3AD3BE7DFBFC47A36F0471D367B2F5015D9B9EFA965581DD6E5FA3C3B99A56D4AD064F68E85697CBF55FFAE59123474C555555874CB0A2A7C60F1E3CA8938FDB7C0FE512DA16201B9A476FAFD999C13D62C488CADCDCDC5E12DC6F065973BFC1160758C23CD97F95C87E33B7B58ABA35EBD7AFFF2E2D2DAD40027F9C84B7C9CBCBF3DE0FBBBDEDDCB953675FF307F61E2B9CDD23B445545454831C9185EB9DB93A4B585858956CF0CE40EF6CD2DE742C3CC10D747DB2EF6AEBF8C75FCB324EBFD0D01E33664CBB5EDBD6DB727EFCF1C7D7AA6CD9DFBE6B8576671A53E31D7C7F4A6FF9D7998A8A8ABE3516E8140100B762C3860D5B6555A05F6BB5BD74E952EFF0AFF6A0C3BC962D5BE672BBDDD7AAECF2F2F21C42DB3A95F6EEE2E2E24EFD37F7EEDDAB4780BB697D0041EC17C6370CABACACCC2C5EBCB8CDC1AD812D07009ED2D252FFC41B17A5CA7EBEA0A0C012531212DAA2A6A6E63F0F1F3EECD6A3BD4EE23C76EC98DEE92B97D60710ACF41AB3C7E399295F7A03F5EBAFBF36999999DE53DBB7429F377FFE7C57515191BFC2D6D3E22F4A55FF67ABB419A12DB2B2B2BE0D0F0F3FA1BD183B437E7EFE66B7DB5DC6902700C16EE3C68D7ADAFA797F706BC53D67CE1CEDACD67C629456E9EFC9FED4BCF6DA6B4D2B6CEDD93EC76A3766A223DA5FABED39FF2D860C1912DAC1D39956AF59B3E6A772F4B7845607006FC5BD3A2525457BA0AF907D632F3DEBB97DFB766F07359D625A6FAFA97703D3F93474F6343D05AE41AD13A71C3C785017F7952B57B408F557D83A5E7CA61C10ACB65A5B11DA3EAB56ADDA949191314F3692C4E4E4E40EFB77162D5AA455767C4545450EAD0E007FADB8535353F74968BFA743C1F4310DEFC2C242EFF237343D6BBC47AF615BE99438A1DD7AB5FD4F5BB66C391A1F1F1F3978F0E0767FFDA2A2A26D7244385936A887ADD22922D0C94E60AEB477717979F976DA1C08F88ABB44568FC8E776BA7C6E3324BC936E22A7F668FD250551B6953FEB8476B30D263D3DFDF9C58B17AF5CB87061B7D8D8D8767BEDD2D2D23FBEF5D65B436543FC0FAB1E0106A885F2C137BD7BF7AE4F4949C9B7DBEDEF343636EED9B469D3459A0608D87DB176D2CD9D3163C65D6EB77BBA7C86FF51BE1F2E8B4EA6A1B360E9A974ED75AEC36675144E6EB0F41122B49BC9CECE5E2F1B8A63EEDCB9CB5E7DF5D51EED51716B85AD81ED72B9566CDCB8319B56EE7C72B01429AB29F2E19F12121272498EE4F3E4B155BE69179DB410107874E634592DF52D20B45BDD507E2B55D9E5050B16BC3B7DFAF490E4E4E4EEB7D839AD7AC992255BBFFCF2CB89F2F51C2B768AE8A2BACBA247EFD39D4EE75509F06D7ACB404EA10320B4BB287FA7880F3EF860555E5EDEDF67646444DD7FFFFD9137F874E7A79F7EBA75EDDAB5831A1B1B07E9356C4E8907AC707F80C7C5C55D4A4B4BD3536DCBA9C00110DA5D8CEF1AC9CFB453C4A2458B5E0C0F0F4F4C484838376AD4A81E03060C088F8E8E8ED39B8CD4D7D79FA9AEAEAE397AF4E8B13D7BF6841C3B762CDEE572DD25CFFDB5D53B45B4C11BBE79C803AA0297F09E24EB497AE737F9FB4ACE9D3BC73B15202A2B2BBDBD882D7E3B5BE6E507A1DD0EE17DAD53C4912347A61F3E7CD8DF29422B31ED14D153960659746AD2DFCBF22213A7586207D55FEFC53B6DDA34DEA900F0F9E79F9B43870E116C20B47163E814D12E5607E88181DB349B21D066B31D1F3E7CF840DEB2C0307AF468A337F691E0FE259F1310DA4027F09D81C8ECAC7F2F3535B5D5D0F6783C2E09667F0F43BB7C5F2DDFEFD24E690E8763A75ED37EF6D9673DBC6B81212626C60C1B36CCCC9E3D3B93D600A10D0487ABE6FF3B9F195F60EB78ED9DB26C8C8C8CDC25415D4D130120B481C010EE0B6AEDA7B0232222623BBDC40110DA4000D153DFB22AB0DBED6B7CC3B9A8A80110DA40809967B3D94AA4A2CEA5A206406803012C2727278B56006015769A000000421B000010DA000010DA000080D0060000843600008436000020B4010000A10D0000A10D0000086D0000406803004068030000421B000010DA000010DA000080D0060000843600008436000020B4010020B4010000A10D0000086D0000086D20D83F2076BBC7ED76D3100140DE8793B26AA42540680368514444C4D9BABA3A1A22005CB870A1585687690910DA005A141616B6A7A6A686860800151515B5B22AA0254068036891D3E97CBBBCBCBCC1E3F1D0183FAE92AAAAAA21B2DE4C5380D006D0A23163C6EC97C0FE535959198DF1232A2E2EFE54DE87B2471E79641FAD01421BC0F5AAEDF4929292CBB5B5B534C68FA0BABAFA23A9B21F73BBDD2FD31A0876213401707DD9D9D9954F3EF9E4FEF3E7CF4FE9D9B36784C3E1A0513A31B08B8A8A126D36DBBF8C1F3F7E0F2D02421BC0DFB476EDDAE3E9E9E907CE9C39335502E452545454A4AC69988E53525C5CBCA9A4A464AC06F6B871E3B6D3248031EC75809BF0C9279F24D8EDF665A1A1A1F7C7C6C67E171313F313A9BEE3E4311AA78D741CB60EEBD25EE2DAE94CAF61EB29F109132614D33A00A10DDCB2FCFCFCA152014E932F9364192E4B04ADD2663A718A8EC32E9065339DCE0000000000000000000000000000000000000000000000000000000000000000000000000000000000000000000000000000000000000000000000000000000000000000000000000000000000000000000000000000000000000000000000000000000000000000000000000000000000000000000000000000000000000000000000000000000000000000002CE4FF00D0F67AC1A44CBBD50000000049454E44AE426082, null);
INSERT INTO `act_ge_bytearray` VALUES ('40007', '1', 'source', null, 0x7B226964223A2263616E766173222C227265736F757263654964223A2263616E766173222C227374656E63696C736574223A7B226E616D657370616365223A22687474703A2F2F62336D6E2E6F72672F7374656E63696C7365742F62706D6E322E3023227D7D, null);
INSERT INTO `act_ge_bytearray` VALUES ('40009', '1', 'source', null, 0x7B226964223A2263616E766173222C227265736F757263654964223A2263616E766173222C227374656E63696C736574223A7B226E616D657370616365223A22687474703A2F2F62336D6E2E6F72672F7374656E63696C7365742F62706D6E322E3023227D7D, null);
INSERT INTO `act_ge_bytearray` VALUES ('40011', '1', 'source', null, 0x7B226964223A2263616E766173222C227265736F757263654964223A2263616E766173222C227374656E63696C736574223A7B226E616D657370616365223A22687474703A2F2F62336D6E2E6F72672F7374656E63696C7365742F62706D6E322E3023227D7D, null);
INSERT INTO `act_ge_bytearray` VALUES ('42502', '1', 'source', null, 0x7B226964223A2263616E766173222C227265736F757263654964223A2263616E766173222C227374656E63696C736574223A7B226E616D657370616365223A22687474703A2F2F62336D6E2E6F72672F7374656E63696C7365742F62706D6E322E3023227D7D, null);
INSERT INTO `act_ge_bytearray` VALUES ('42504', '1', 'source', null, 0x7B226964223A2263616E766173222C227265736F757263654964223A2263616E766173222C227374656E63696C736574223A7B226E616D657370616365223A22687474703A2F2F62336D6E2E6F72672F7374656E63696C7365742F62706D6E322E3023227D7D, null);
INSERT INTO `act_ge_bytearray` VALUES ('45002', '1', 'source', null, 0x7B226964223A2263616E766173222C227265736F757263654964223A2263616E766173222C227374656E63696C736574223A7B226E616D657370616365223A22687474703A2F2F62336D6E2E6F72672F7374656E63696C7365742F62706D6E322E3023227D7D, null);
INSERT INTO `act_ge_bytearray` VALUES ('45004', '1', 'source', null, 0x7B226964223A2263616E766173222C227265736F757263654964223A2263616E766173222C227374656E63696C736574223A7B226E616D657370616365223A22687474703A2F2F62336D6E2E6F72672F7374656E63696C7365742F62706D6E322E3023227D7D, null);
INSERT INTO `act_ge_bytearray` VALUES ('45006', '1', 'source', null, 0x7B226964223A2263616E766173222C227265736F757263654964223A2263616E766173222C227374656E63696C736574223A7B226E616D657370616365223A22687474703A2F2F62336D6E2E6F72672F7374656E63696C7365742F62706D6E322E3023227D7D, null);
INSERT INTO `act_ge_bytearray` VALUES ('47502', '1', 'source', null, 0x7B226964223A2263616E766173222C227265736F757263654964223A2263616E766173222C227374656E63696C736574223A7B226E616D657370616365223A22687474703A2F2F62336D6E2E6F72672F7374656E63696C7365742F62706D6E322E3023227D7D, null);
INSERT INTO `act_ge_bytearray` VALUES ('50002', '1', 'source', null, 0x7B226964223A2263616E766173222C227265736F757263654964223A2263616E766173222C227374656E63696C736574223A7B226E616D657370616365223A22687474703A2F2F62336D6E2E6F72672F7374656E63696C7365742F62706D6E322E3023227D7D, null);
INSERT INTO `act_ge_bytearray` VALUES ('5002', '1', 'source', null, 0x7B226964223A2263616E766173222C227265736F757263654964223A2263616E766173222C227374656E63696C736574223A7B226E616D657370616365223A22687474703A2F2F62336D6E2E6F72672F7374656E63696C7365742F62706D6E322E3023227D7D, null);
INSERT INTO `act_ge_bytearray` VALUES ('5004', '1', 'source', null, 0x7B226964223A2263616E766173222C227265736F757263654964223A2263616E766173222C227374656E63696C736574223A7B226E616D657370616365223A22687474703A2F2F62336D6E2E6F72672F7374656E63696C7365742F62706D6E322E3023227D7D, null);
INSERT INTO `act_ge_bytearray` VALUES ('7502', '1', 'source', null, 0x7B226964223A2263616E766173222C227265736F757263654964223A2263616E766173222C227374656E63696C736574223A7B226E616D657370616365223A22687474703A2F2F62336D6E2E6F72672F7374656E63696C7365742F62706D6E322E3023227D7D, null);
INSERT INTO `act_ge_bytearray` VALUES ('7504', '1', 'source', null, 0x7B226964223A2263616E766173222C227265736F757263654964223A2263616E766173222C227374656E63696C736574223A7B226E616D657370616365223A22687474703A2F2F62336D6E2E6F72672F7374656E63696C7365742F62706D6E322E3023227D7D, null);

-- ----------------------------
-- Table structure for `act_ge_property`
-- ----------------------------
DROP TABLE IF EXISTS `act_ge_property`;
CREATE TABLE `act_ge_property` (
  `NAME_` varchar(64) COLLATE utf8_bin NOT NULL,
  `VALUE_` varchar(300) COLLATE utf8_bin DEFAULT NULL,
  `REV_` int(11) DEFAULT NULL,
  PRIMARY KEY (`NAME_`)
) ENGINE=InnoDB DEFAULT CHARSET=utf8 COLLATE=utf8_bin;

-- ----------------------------
-- Records of act_ge_property
-- ----------------------------
INSERT INTO `act_ge_property` VALUES ('cfg.execution-related-entities-count', 'false', '1');
INSERT INTO `act_ge_property` VALUES ('next.dbid', '52501', '22');
INSERT INTO `act_ge_property` VALUES ('schema.history', 'create(5.22.0.0) upgrade(5.22.0.0->6.0.0.4)', '2');
INSERT INTO `act_ge_property` VALUES ('schema.version', '6.0.0.4', '2');

-- ----------------------------
-- Table structure for `act_hi_actinst`
-- ----------------------------
DROP TABLE IF EXISTS `act_hi_actinst`;
CREATE TABLE `act_hi_actinst` (
  `ID_` varchar(64) COLLATE utf8_bin NOT NULL,
  `PROC_DEF_ID_` varchar(64) COLLATE utf8_bin NOT NULL,
  `PROC_INST_ID_` varchar(64) COLLATE utf8_bin NOT NULL,
  `EXECUTION_ID_` varchar(64) COLLATE utf8_bin NOT NULL,
  `ACT_ID_` varchar(255) COLLATE utf8_bin NOT NULL,
  `TASK_ID_` varchar(64) COLLATE utf8_bin DEFAULT NULL,
  `CALL_PROC_INST_ID_` varchar(64) COLLATE utf8_bin DEFAULT NULL,
  `ACT_NAME_` varchar(255) COLLATE utf8_bin DEFAULT NULL,
  `ACT_TYPE_` varchar(255) COLLATE utf8_bin NOT NULL,
  `ASSIGNEE_` varchar(255) COLLATE utf8_bin DEFAULT NULL,
  `START_TIME_` datetime(3) NOT NULL,
  `END_TIME_` datetime(3) DEFAULT NULL,
  `DURATION_` bigint(20) DEFAULT NULL,
  `TENANT_ID_` varchar(255) COLLATE utf8_bin DEFAULT '',
  `DELETE_REASON_` varchar(4000) COLLATE utf8_bin DEFAULT NULL,
  PRIMARY KEY (`ID_`),
  KEY `ACT_IDX_HI_ACT_INST_START` (`START_TIME_`),
  KEY `ACT_IDX_HI_ACT_INST_END` (`END_TIME_`),
  KEY `ACT_IDX_HI_ACT_INST_PROCINST` (`PROC_INST_ID_`,`ACT_ID_`),
  KEY `ACT_IDX_HI_ACT_INST_EXEC` (`EXECUTION_ID_`,`ACT_ID_`)
) ENGINE=InnoDB DEFAULT CHARSET=utf8 COLLATE=utf8_bin;

-- ----------------------------
-- Records of act_hi_actinst
-- ----------------------------

-- ----------------------------
-- Table structure for `act_hi_attachment`
-- ----------------------------
DROP TABLE IF EXISTS `act_hi_attachment`;
CREATE TABLE `act_hi_attachment` (
  `ID_` varchar(64) COLLATE utf8_bin NOT NULL,
  `REV_` int(11) DEFAULT NULL,
  `USER_ID_` varchar(255) COLLATE utf8_bin DEFAULT NULL,
  `NAME_` varchar(255) COLLATE utf8_bin DEFAULT NULL,
  `DESCRIPTION_` varchar(4000) COLLATE utf8_bin DEFAULT NULL,
  `TYPE_` varchar(255) COLLATE utf8_bin DEFAULT NULL,
  `TASK_ID_` varchar(64) COLLATE utf8_bin DEFAULT NULL,
  `PROC_INST_ID_` varchar(64) COLLATE utf8_bin DEFAULT NULL,
  `URL_` varchar(4000) COLLATE utf8_bin DEFAULT NULL,
  `CONTENT_ID_` varchar(64) COLLATE utf8_bin DEFAULT NULL,
  `TIME_` datetime(3) DEFAULT NULL,
  PRIMARY KEY (`ID_`)
) ENGINE=InnoDB DEFAULT CHARSET=utf8 COLLATE=utf8_bin;

-- ----------------------------
-- Records of act_hi_attachment
-- ----------------------------

-- ----------------------------
-- Table structure for `act_hi_comment`
-- ----------------------------
DROP TABLE IF EXISTS `act_hi_comment`;
CREATE TABLE `act_hi_comment` (
  `ID_` varchar(64) COLLATE utf8_bin NOT NULL,
  `TYPE_` varchar(255) COLLATE utf8_bin DEFAULT NULL,
  `TIME_` datetime(3) NOT NULL,
  `USER_ID_` varchar(255) COLLATE utf8_bin DEFAULT NULL,
  `TASK_ID_` varchar(64) COLLATE utf8_bin DEFAULT NULL,
  `PROC_INST_ID_` varchar(64) COLLATE utf8_bin DEFAULT NULL,
  `ACTION_` varchar(255) COLLATE utf8_bin DEFAULT NULL,
  `MESSAGE_` varchar(4000) COLLATE utf8_bin DEFAULT NULL,
  `FULL_MSG_` longblob,
  PRIMARY KEY (`ID_`)
) ENGINE=InnoDB DEFAULT CHARSET=utf8 COLLATE=utf8_bin;

-- ----------------------------
-- Records of act_hi_comment
-- ----------------------------

-- ----------------------------
-- Table structure for `act_hi_detail`
-- ----------------------------
DROP TABLE IF EXISTS `act_hi_detail`;
CREATE TABLE `act_hi_detail` (
  `ID_` varchar(64) COLLATE utf8_bin NOT NULL,
  `TYPE_` varchar(255) COLLATE utf8_bin NOT NULL,
  `PROC_INST_ID_` varchar(64) COLLATE utf8_bin DEFAULT NULL,
  `EXECUTION_ID_` varchar(64) COLLATE utf8_bin DEFAULT NULL,
  `TASK_ID_` varchar(64) COLLATE utf8_bin DEFAULT NULL,
  `ACT_INST_ID_` varchar(64) COLLATE utf8_bin DEFAULT NULL,
  `NAME_` varchar(255) COLLATE utf8_bin NOT NULL,
  `VAR_TYPE_` varchar(255) COLLATE utf8_bin DEFAULT NULL,
  `REV_` int(11) DEFAULT NULL,
  `TIME_` datetime(3) NOT NULL,
  `BYTEARRAY_ID_` varchar(64) COLLATE utf8_bin DEFAULT NULL,
  `DOUBLE_` double DEFAULT NULL,
  `LONG_` bigint(20) DEFAULT NULL,
  `TEXT_` varchar(4000) COLLATE utf8_bin DEFAULT NULL,
  `TEXT2_` varchar(4000) COLLATE utf8_bin DEFAULT NULL,
  PRIMARY KEY (`ID_`),
  KEY `ACT_IDX_HI_DETAIL_PROC_INST` (`PROC_INST_ID_`),
  KEY `ACT_IDX_HI_DETAIL_ACT_INST` (`ACT_INST_ID_`),
  KEY `ACT_IDX_HI_DETAIL_TIME` (`TIME_`),
  KEY `ACT_IDX_HI_DETAIL_NAME` (`NAME_`),
  KEY `ACT_IDX_HI_DETAIL_TASK_ID` (`TASK_ID_`)
) ENGINE=InnoDB DEFAULT CHARSET=utf8 COLLATE=utf8_bin;

-- ----------------------------
-- Records of act_hi_detail
-- ----------------------------

-- ----------------------------
-- Table structure for `act_hi_identitylink`
-- ----------------------------
DROP TABLE IF EXISTS `act_hi_identitylink`;
CREATE TABLE `act_hi_identitylink` (
  `ID_` varchar(64) COLLATE utf8_bin NOT NULL,
  `GROUP_ID_` varchar(255) COLLATE utf8_bin DEFAULT NULL,
  `TYPE_` varchar(255) COLLATE utf8_bin DEFAULT NULL,
  `USER_ID_` varchar(255) COLLATE utf8_bin DEFAULT NULL,
  `TASK_ID_` varchar(64) COLLATE utf8_bin DEFAULT NULL,
  `PROC_INST_ID_` varchar(64) COLLATE utf8_bin DEFAULT NULL,
  PRIMARY KEY (`ID_`),
  KEY `ACT_IDX_HI_IDENT_LNK_USER` (`USER_ID_`),
  KEY `ACT_IDX_HI_IDENT_LNK_TASK` (`TASK_ID_`),
  KEY `ACT_IDX_HI_IDENT_LNK_PROCINST` (`PROC_INST_ID_`)
) ENGINE=InnoDB DEFAULT CHARSET=utf8 COLLATE=utf8_bin;

-- ----------------------------
-- Records of act_hi_identitylink
-- ----------------------------

-- ----------------------------
-- Table structure for `act_hi_procinst`
-- ----------------------------
DROP TABLE IF EXISTS `act_hi_procinst`;
CREATE TABLE `act_hi_procinst` (
  `ID_` varchar(64) COLLATE utf8_bin NOT NULL,
  `PROC_INST_ID_` varchar(64) COLLATE utf8_bin NOT NULL,
  `BUSINESS_KEY_` varchar(255) COLLATE utf8_bin DEFAULT NULL,
  `PROC_DEF_ID_` varchar(64) COLLATE utf8_bin NOT NULL,
  `START_TIME_` datetime(3) NOT NULL,
  `END_TIME_` datetime(3) DEFAULT NULL,
  `DURATION_` bigint(20) DEFAULT NULL,
  `START_USER_ID_` varchar(255) COLLATE utf8_bin DEFAULT NULL,
  `START_ACT_ID_` varchar(255) COLLATE utf8_bin DEFAULT NULL,
  `END_ACT_ID_` varchar(255) COLLATE utf8_bin DEFAULT NULL,
  `SUPER_PROCESS_INSTANCE_ID_` varchar(64) COLLATE utf8_bin DEFAULT NULL,
  `DELETE_REASON_` varchar(4000) COLLATE utf8_bin DEFAULT NULL,
  `TENANT_ID_` varchar(255) COLLATE utf8_bin DEFAULT '',
  `NAME_` varchar(255) COLLATE utf8_bin DEFAULT NULL,
  PRIMARY KEY (`ID_`),
  UNIQUE KEY `PROC_INST_ID_` (`PROC_INST_ID_`),
  KEY `ACT_IDX_HI_PRO_INST_END` (`END_TIME_`),
  KEY `ACT_IDX_HI_PRO_I_BUSKEY` (`BUSINESS_KEY_`)
) ENGINE=InnoDB DEFAULT CHARSET=utf8 COLLATE=utf8_bin;

-- ----------------------------
-- Records of act_hi_procinst
-- ----------------------------

-- ----------------------------
-- Table structure for `act_hi_taskinst`
-- ----------------------------
DROP TABLE IF EXISTS `act_hi_taskinst`;
CREATE TABLE `act_hi_taskinst` (
  `ID_` varchar(64) COLLATE utf8_bin NOT NULL,
  `PROC_DEF_ID_` varchar(64) COLLATE utf8_bin DEFAULT NULL,
  `TASK_DEF_KEY_` varchar(255) COLLATE utf8_bin DEFAULT NULL,
  `PROC_INST_ID_` varchar(64) COLLATE utf8_bin DEFAULT NULL,
  `EXECUTION_ID_` varchar(64) COLLATE utf8_bin DEFAULT NULL,
  `NAME_` varchar(255) COLLATE utf8_bin DEFAULT NULL,
  `PARENT_TASK_ID_` varchar(64) COLLATE utf8_bin DEFAULT NULL,
  `DESCRIPTION_` varchar(4000) COLLATE utf8_bin DEFAULT NULL,
  `OWNER_` varchar(255) COLLATE utf8_bin DEFAULT NULL,
  `ASSIGNEE_` varchar(255) COLLATE utf8_bin DEFAULT NULL,
  `START_TIME_` datetime(3) NOT NULL,
  `CLAIM_TIME_` datetime(3) DEFAULT NULL,
  `END_TIME_` datetime(3) DEFAULT NULL,
  `DURATION_` bigint(20) DEFAULT NULL,
  `DELETE_REASON_` varchar(4000) COLLATE utf8_bin DEFAULT NULL,
  `PRIORITY_` int(11) DEFAULT NULL,
  `DUE_DATE_` datetime(3) DEFAULT NULL,
  `FORM_KEY_` varchar(255) COLLATE utf8_bin DEFAULT NULL,
  `CATEGORY_` varchar(255) COLLATE utf8_bin DEFAULT NULL,
  `TENANT_ID_` varchar(255) COLLATE utf8_bin DEFAULT '',
  PRIMARY KEY (`ID_`),
  KEY `ACT_IDX_HI_TASK_INST_PROCINST` (`PROC_INST_ID_`)
) ENGINE=InnoDB DEFAULT CHARSET=utf8 COLLATE=utf8_bin;

-- ----------------------------
-- Records of act_hi_taskinst
-- ----------------------------

-- ----------------------------
-- Table structure for `act_hi_varinst`
-- ----------------------------
DROP TABLE IF EXISTS `act_hi_varinst`;
CREATE TABLE `act_hi_varinst` (
  `ID_` varchar(64) COLLATE utf8_bin NOT NULL,
  `PROC_INST_ID_` varchar(64) COLLATE utf8_bin DEFAULT NULL,
  `EXECUTION_ID_` varchar(64) COLLATE utf8_bin DEFAULT NULL,
  `TASK_ID_` varchar(64) COLLATE utf8_bin DEFAULT NULL,
  `NAME_` varchar(255) COLLATE utf8_bin NOT NULL,
  `VAR_TYPE_` varchar(100) COLLATE utf8_bin DEFAULT NULL,
  `REV_` int(11) DEFAULT NULL,
  `BYTEARRAY_ID_` varchar(64) COLLATE utf8_bin DEFAULT NULL,
  `DOUBLE_` double DEFAULT NULL,
  `LONG_` bigint(20) DEFAULT NULL,
  `TEXT_` varchar(4000) COLLATE utf8_bin DEFAULT NULL,
  `TEXT2_` varchar(4000) COLLATE utf8_bin DEFAULT NULL,
  `CREATE_TIME_` datetime(3) DEFAULT NULL,
  `LAST_UPDATED_TIME_` datetime(3) DEFAULT NULL,
  PRIMARY KEY (`ID_`),
  KEY `ACT_IDX_HI_PROCVAR_PROC_INST` (`PROC_INST_ID_`),
  KEY `ACT_IDX_HI_PROCVAR_NAME_TYPE` (`NAME_`,`VAR_TYPE_`),
  KEY `ACT_IDX_HI_PROCVAR_TASK_ID` (`TASK_ID_`)
) ENGINE=InnoDB DEFAULT CHARSET=utf8 COLLATE=utf8_bin;

-- ----------------------------
-- Records of act_hi_varinst
-- ----------------------------

-- ----------------------------
-- Table structure for `act_id_group`
-- ----------------------------
DROP TABLE IF EXISTS `act_id_group`;
CREATE TABLE `act_id_group` (
  `ID_` varchar(64) COLLATE utf8_bin NOT NULL,
  `REV_` int(11) DEFAULT NULL,
  `NAME_` varchar(255) COLLATE utf8_bin DEFAULT NULL,
  `TYPE_` varchar(255) COLLATE utf8_bin DEFAULT NULL,
  PRIMARY KEY (`ID_`)
) ENGINE=InnoDB DEFAULT CHARSET=utf8 COLLATE=utf8_bin;

-- ----------------------------
-- Records of act_id_group
-- ----------------------------

-- ----------------------------
-- Table structure for `act_id_info`
-- ----------------------------
DROP TABLE IF EXISTS `act_id_info`;
CREATE TABLE `act_id_info` (
  `ID_` varchar(64) COLLATE utf8_bin NOT NULL,
  `REV_` int(11) DEFAULT NULL,
  `USER_ID_` varchar(64) COLLATE utf8_bin DEFAULT NULL,
  `TYPE_` varchar(64) COLLATE utf8_bin DEFAULT NULL,
  `KEY_` varchar(255) COLLATE utf8_bin DEFAULT NULL,
  `VALUE_` varchar(255) COLLATE utf8_bin DEFAULT NULL,
  `PASSWORD_` longblob,
  `PARENT_ID_` varchar(255) COLLATE utf8_bin DEFAULT NULL,
  PRIMARY KEY (`ID_`)
) ENGINE=InnoDB DEFAULT CHARSET=utf8 COLLATE=utf8_bin;

-- ----------------------------
-- Records of act_id_info
-- ----------------------------

-- ----------------------------
-- Table structure for `act_id_membership`
-- ----------------------------
DROP TABLE IF EXISTS `act_id_membership`;
CREATE TABLE `act_id_membership` (
  `USER_ID_` varchar(64) COLLATE utf8_bin NOT NULL,
  `GROUP_ID_` varchar(64) COLLATE utf8_bin NOT NULL,
  PRIMARY KEY (`USER_ID_`,`GROUP_ID_`),
  KEY `ACT_FK_MEMB_GROUP` (`GROUP_ID_`),
  CONSTRAINT `ACT_FK_MEMB_GROUP` FOREIGN KEY (`GROUP_ID_`) REFERENCES `act_id_group` (`ID_`),
  CONSTRAINT `ACT_FK_MEMB_USER` FOREIGN KEY (`USER_ID_`) REFERENCES `act_id_user` (`ID_`)
) ENGINE=InnoDB DEFAULT CHARSET=utf8 COLLATE=utf8_bin;

-- ----------------------------
-- Records of act_id_membership
-- ----------------------------

-- ----------------------------
-- Table structure for `act_id_user`
-- ----------------------------
DROP TABLE IF EXISTS `act_id_user`;
CREATE TABLE `act_id_user` (
  `ID_` varchar(64) COLLATE utf8_bin NOT NULL,
  `REV_` int(11) DEFAULT NULL,
  `FIRST_` varchar(255) COLLATE utf8_bin DEFAULT NULL,
  `LAST_` varchar(255) COLLATE utf8_bin DEFAULT NULL,
  `EMAIL_` varchar(255) COLLATE utf8_bin DEFAULT NULL,
  `PWD_` varchar(255) COLLATE utf8_bin DEFAULT NULL,
  `PICTURE_ID_` varchar(64) COLLATE utf8_bin DEFAULT NULL,
  PRIMARY KEY (`ID_`)
) ENGINE=InnoDB DEFAULT CHARSET=utf8 COLLATE=utf8_bin;

-- ----------------------------
-- Records of act_id_user
-- ----------------------------

-- ----------------------------
-- Table structure for `act_procdef_info`
-- ----------------------------
DROP TABLE IF EXISTS `act_procdef_info`;
CREATE TABLE `act_procdef_info` (
  `ID_` varchar(64) COLLATE utf8_bin NOT NULL,
  `PROC_DEF_ID_` varchar(64) COLLATE utf8_bin NOT NULL,
  `REV_` int(11) DEFAULT NULL,
  `INFO_JSON_ID_` varchar(64) COLLATE utf8_bin DEFAULT NULL,
  PRIMARY KEY (`ID_`),
  UNIQUE KEY `ACT_UNIQ_INFO_PROCDEF` (`PROC_DEF_ID_`),
  KEY `ACT_IDX_INFO_PROCDEF` (`PROC_DEF_ID_`),
  KEY `ACT_FK_INFO_JSON_BA` (`INFO_JSON_ID_`),
  CONSTRAINT `ACT_FK_INFO_JSON_BA` FOREIGN KEY (`INFO_JSON_ID_`) REFERENCES `act_ge_bytearray` (`ID_`),
  CONSTRAINT `ACT_FK_INFO_PROCDEF` FOREIGN KEY (`PROC_DEF_ID_`) REFERENCES `act_re_procdef` (`ID_`)
) ENGINE=InnoDB DEFAULT CHARSET=utf8 COLLATE=utf8_bin;

-- ----------------------------
-- Records of act_procdef_info
-- ----------------------------

-- ----------------------------
-- Table structure for `act_re_deployment`
-- ----------------------------
DROP TABLE IF EXISTS `act_re_deployment`;
CREATE TABLE `act_re_deployment` (
  `ID_` varchar(64) COLLATE utf8_bin NOT NULL,
  `NAME_` varchar(255) COLLATE utf8_bin DEFAULT NULL,
  `CATEGORY_` varchar(255) COLLATE utf8_bin DEFAULT NULL,
  `TENANT_ID_` varchar(255) COLLATE utf8_bin DEFAULT '',
  `DEPLOY_TIME_` timestamp(3) NULL DEFAULT NULL,
  `ENGINE_VERSION_` varchar(255) COLLATE utf8_bin DEFAULT NULL,
  `KEY_` varchar(255) COLLATE utf8_bin DEFAULT NULL,
  PRIMARY KEY (`ID_`)
) ENGINE=InnoDB DEFAULT CHARSET=utf8 COLLATE=utf8_bin;

-- ----------------------------
-- Records of act_re_deployment
-- ----------------------------

-- ----------------------------
-- Table structure for `act_re_model`
-- ----------------------------
DROP TABLE IF EXISTS `act_re_model`;
CREATE TABLE `act_re_model` (
  `ID_` varchar(64) COLLATE utf8_bin NOT NULL,
  `REV_` int(11) DEFAULT NULL,
  `NAME_` varchar(255) COLLATE utf8_bin DEFAULT NULL,
  `KEY_` varchar(255) COLLATE utf8_bin DEFAULT NULL,
  `CATEGORY_` varchar(255) COLLATE utf8_bin DEFAULT NULL,
  `CREATE_TIME_` timestamp(3) NULL DEFAULT NULL,
  `LAST_UPDATE_TIME_` timestamp(3) NULL DEFAULT NULL,
  `VERSION_` int(11) DEFAULT NULL,
  `META_INFO_` varchar(4000) COLLATE utf8_bin DEFAULT NULL,
  `DEPLOYMENT_ID_` varchar(64) COLLATE utf8_bin DEFAULT NULL,
  `EDITOR_SOURCE_VALUE_ID_` varchar(64) COLLATE utf8_bin DEFAULT NULL,
  `EDITOR_SOURCE_EXTRA_VALUE_ID_` varchar(64) COLLATE utf8_bin DEFAULT NULL,
  `TENANT_ID_` varchar(255) COLLATE utf8_bin DEFAULT '',
  PRIMARY KEY (`ID_`),
  KEY `ACT_FK_MODEL_SOURCE` (`EDITOR_SOURCE_VALUE_ID_`),
  KEY `ACT_FK_MODEL_SOURCE_EXTRA` (`EDITOR_SOURCE_EXTRA_VALUE_ID_`),
  KEY `ACT_FK_MODEL_DEPLOYMENT` (`DEPLOYMENT_ID_`),
  CONSTRAINT `ACT_FK_MODEL_DEPLOYMENT` FOREIGN KEY (`DEPLOYMENT_ID_`) REFERENCES `act_re_deployment` (`ID_`),
  CONSTRAINT `ACT_FK_MODEL_SOURCE` FOREIGN KEY (`EDITOR_SOURCE_VALUE_ID_`) REFERENCES `act_ge_bytearray` (`ID_`),
  CONSTRAINT `ACT_FK_MODEL_SOURCE_EXTRA` FOREIGN KEY (`EDITOR_SOURCE_EXTRA_VALUE_ID_`) REFERENCES `act_ge_bytearray` (`ID_`)
) ENGINE=InnoDB DEFAULT CHARSET=utf8 COLLATE=utf8_bin;

-- ----------------------------
-- Records of act_re_model
-- ----------------------------
INSERT INTO `act_re_model` VALUES ('17505', '2', 'joyu', '12313123', null, '2018-10-23 17:18:01.285', '2018-10-23 17:18:01.326', '1', '{\"name\":\"joyu\",\"revision\":1,\"description\":\"joyu---\"}', null, '17506', null, '');
INSERT INTO `act_re_model` VALUES ('20001', '2', 'joyu', '12313123', null, '2018-10-23 17:31:22.777', '2018-10-23 17:31:22.856', '1', '{\"name\":\"joyu\",\"revision\":1,\"description\":\"joyu---\"}', null, '20002', null, '');
INSERT INTO `act_re_model` VALUES ('20003', '2', 'joyu', '12313123', null, '2018-10-23 17:32:18.115', '2018-10-23 17:32:18.140', '1', '{\"name\":\"joyu\",\"revision\":1,\"description\":\"joyu---\"}', null, '20004', null, '');
INSERT INTO `act_re_model` VALUES ('22501', '2', 'joyu', '12313123', null, '2018-10-23 18:05:14.669', '2018-10-23 18:05:14.821', '1', '{\"name\":\"joyu\",\"revision\":1,\"description\":\"joyu---\"}', null, '22502', null, '');
INSERT INTO `act_re_model` VALUES ('22503', '2', 'joyu', '12313123', null, '2018-10-23 18:05:21.246', '2018-10-23 18:05:21.272', '1', '{\"name\":\"joyu\",\"revision\":1,\"description\":\"joyu---\"}', null, '22504', null, '');
INSERT INTO `act_re_model` VALUES ('22505', '2', 'joyu', '12313123', null, '2018-10-23 18:06:33.371', '2018-10-23 18:06:33.491', '1', '{\"name\":\"joyu\",\"revision\":1,\"description\":\"joyu---\"}', null, '22506', null, '');
INSERT INTO `act_re_model` VALUES ('25001', '2', 'joyu', '12313123', null, '2018-10-24 09:07:18.245', '2018-10-24 09:07:18.320', '1', '{\"name\":\"joyu\",\"revision\":1,\"description\":\"joyu---\"}', null, '25002', null, '');
INSERT INTO `act_re_model` VALUES ('25003', '2', 'joyu', '12313123', null, '2018-10-24 09:07:35.745', '2018-10-24 09:07:36.501', '1', '{\"name\":\"joyu\",\"revision\":1,\"description\":\"joyu---\"}', null, '25004', null, '');
INSERT INTO `act_re_model` VALUES ('27501', '2', 'joyu', '12313123', null, '2018-10-24 09:14:09.748', '2018-10-24 09:14:10.266', '1', '{\"name\":\"joyu\",\"revision\":1,\"description\":\"joyu---\"}', null, '27502', null, '');
INSERT INTO `act_re_model` VALUES ('27503', '2', 'joyu', '12313123', null, '2018-10-24 09:14:17.610', '2018-10-24 09:14:18.302', '1', '{\"name\":\"joyu\",\"revision\":1,\"description\":\"joyu---\"}', null, '27504', null, '');
INSERT INTO `act_re_model` VALUES ('30001', '2', 'joyu', '12313123', null, '2018-10-24 09:26:32.220', '2018-10-24 09:26:32.286', '1', '{\"name\":\"joyu\",\"revision\":1,\"description\":\"joyu---\"}', null, '30002', null, '');
INSERT INTO `act_re_model` VALUES ('30003', '2', 'joyu', '12313123', null, '2018-10-24 09:26:38.080', '2018-10-24 09:26:38.113', '1', '{\"name\":\"joyu\",\"revision\":1,\"description\":\"joyu---\"}', null, '30004', null, '');
INSERT INTO `act_re_model` VALUES ('32501', '2', 'joyu', '12313123', null, '2018-10-24 09:29:28.912', '2018-10-24 09:29:28.971', '1', '{\"name\":\"joyu\",\"revision\":1,\"description\":\"joyu---\"}', null, '32502', null, '');
INSERT INTO `act_re_model` VALUES ('32503', '2', 'joyu', '12313123', null, '2018-10-24 09:31:04.107', '2018-10-24 09:31:04.175', '1', '{\"name\":\"joyu\",\"revision\":1,\"description\":\"joyu---\"}', null, '32504', null, '');
INSERT INTO `act_re_model` VALUES ('35001', '2', 'joyu', '12313123', null, '2018-10-24 09:42:37.632', '2018-10-24 09:42:37.697', '1', '{\"name\":\"joyu\",\"revision\":1,\"description\":\"joyu---\"}', null, '35002', null, '');
INSERT INTO `act_re_model` VALUES ('35003', '2', 'joyu', '12313123', null, '2018-10-24 09:42:47.829', '2018-10-24 09:42:47.944', '1', '{\"name\":\"joyu\",\"revision\":1,\"description\":\"joyu---\"}', null, '35004', null, '');
INSERT INTO `act_re_model` VALUES ('37501', '2', 'joyu', '12313123', null, '2018-10-24 09:48:59.411', '2018-10-24 09:48:59.597', '1', '{\"name\":\"joyu\",\"revision\":1,\"description\":\"joyu---\"}', null, '37502', null, '');
INSERT INTO `act_re_model` VALUES ('40001', '2', 'joyu', '12313123', null, '2018-10-24 09:59:20.348', '2018-10-24 09:59:21.053', '1', '{\"name\":\"joyu\",\"revision\":1,\"description\":\"joyu---\"}', null, '40002', null, '');
INSERT INTO `act_re_model` VALUES ('40003', '4', 'joyu', '12313123', null, '2018-10-24 09:59:55.804', '2018-10-24 10:02:44.549', '1', '{\"name\":\"joyu\",\"revision\":1,\"description\":\"joyu---\"}', null, '40004', '40005', '');
INSERT INTO `act_re_model` VALUES ('40006', '2', 'joyu', '12313123', null, '2018-10-24 10:02:48.822', '2018-10-24 10:02:48.847', '1', '{\"name\":\"joyu\",\"revision\":1,\"description\":\"joyu---\"}', null, '40007', null, '');
INSERT INTO `act_re_model` VALUES ('40008', '2', 'joyu', '12313123', null, '2018-10-24 10:02:58.221', '2018-10-24 10:02:58.238', '1', '{\"name\":\"joyu\",\"revision\":1,\"description\":\"joyu---\"}', null, '40009', null, '');
INSERT INTO `act_re_model` VALUES ('40010', '2', 'joyu', '12313123', null, '2018-10-24 10:03:05.074', '2018-10-24 10:03:05.188', '1', '{\"name\":\"joyu\",\"revision\":1,\"description\":\"joyu---\"}', null, '40011', null, '');
INSERT INTO `act_re_model` VALUES ('42501', '2', 'joyu', '12313123', null, '2018-10-24 10:39:35.915', '2018-10-24 10:39:36.149', '1', '{\"name\":\"joyu\",\"revision\":1,\"description\":\"joyu---\"}', null, '42502', null, '');
INSERT INTO `act_re_model` VALUES ('42503', '2', 'joyu', '12313123', null, '2018-10-24 10:40:21.906', '2018-10-24 10:40:21.976', '1', '{\"name\":\"joyu\",\"revision\":1,\"description\":\"joyu---\"}', null, '42504', null, '');
INSERT INTO `act_re_model` VALUES ('45001', '2', 'joyu', '12313123', null, '2018-10-26 14:03:54.487', '2018-10-26 14:03:56.123', '1', '{\"name\":\"joyu\",\"revision\":1,\"description\":\"joyu---\"}', null, '45002', null, '');
INSERT INTO `act_re_model` VALUES ('45003', '2', 'joyu', '12313123', null, '2018-10-26 14:04:06.305', '2018-10-26 14:04:06.364', '1', '{\"name\":\"joyu\",\"revision\":1,\"description\":\"joyu---\"}', null, '45004', null, '');
INSERT INTO `act_re_model` VALUES ('45005', '2', 'joyu', '12313123', null, '2018-10-26 14:04:17.855', '2018-10-26 14:04:18.349', '1', '{\"name\":\"joyu\",\"revision\":1,\"description\":\"joyu---\"}', null, '45006', null, '');
INSERT INTO `act_re_model` VALUES ('47501', '2', 'joyu', '12313123', null, '2018-10-26 14:14:34.592', '2018-10-26 14:14:35.504', '1', '{\"name\":\"joyu\",\"revision\":1,\"description\":\"joyu---\"}', null, '47502', null, '');
INSERT INTO `act_re_model` VALUES ('50001', '2', 'joyu', '12313123', null, '2018-10-26 14:34:03.810', '2018-10-26 14:34:05.218', '1', '{\"name\":\"joyu\",\"revision\":1,\"description\":\"joyu---\"}', null, '50002', null, '');

-- ----------------------------
-- Table structure for `act_re_procdef`
-- ----------------------------
DROP TABLE IF EXISTS `act_re_procdef`;
CREATE TABLE `act_re_procdef` (
  `ID_` varchar(64) COLLATE utf8_bin NOT NULL,
  `REV_` int(11) DEFAULT NULL,
  `CATEGORY_` varchar(255) COLLATE utf8_bin DEFAULT NULL,
  `NAME_` varchar(255) COLLATE utf8_bin DEFAULT NULL,
  `KEY_` varchar(255) COLLATE utf8_bin NOT NULL,
  `VERSION_` int(11) NOT NULL,
  `DEPLOYMENT_ID_` varchar(64) COLLATE utf8_bin DEFAULT NULL,
  `RESOURCE_NAME_` varchar(4000) COLLATE utf8_bin DEFAULT NULL,
  `DGRM_RESOURCE_NAME_` varchar(4000) COLLATE utf8_bin DEFAULT NULL,
  `DESCRIPTION_` varchar(4000) COLLATE utf8_bin DEFAULT NULL,
  `HAS_START_FORM_KEY_` tinyint(4) DEFAULT NULL,
  `HAS_GRAPHICAL_NOTATION_` tinyint(4) DEFAULT NULL,
  `SUSPENSION_STATE_` int(11) DEFAULT NULL,
  `TENANT_ID_` varchar(255) COLLATE utf8_bin DEFAULT '',
  `ENGINE_VERSION_` varchar(255) COLLATE utf8_bin DEFAULT NULL,
  PRIMARY KEY (`ID_`),
  UNIQUE KEY `ACT_UNIQ_PROCDEF` (`KEY_`,`VERSION_`,`TENANT_ID_`)
) ENGINE=InnoDB DEFAULT CHARSET=utf8 COLLATE=utf8_bin;

-- ----------------------------
-- Records of act_re_procdef
-- ----------------------------

-- ----------------------------
-- Table structure for `act_ru_deadletter_job`
-- ----------------------------
DROP TABLE IF EXISTS `act_ru_deadletter_job`;
CREATE TABLE `act_ru_deadletter_job` (
  `ID_` varchar(64) COLLATE utf8_bin NOT NULL,
  `REV_` int(11) DEFAULT NULL,
  `TYPE_` varchar(255) COLLATE utf8_bin NOT NULL,
  `EXCLUSIVE_` tinyint(1) DEFAULT NULL,
  `EXECUTION_ID_` varchar(64) COLLATE utf8_bin DEFAULT NULL,
  `PROCESS_INSTANCE_ID_` varchar(64) COLLATE utf8_bin DEFAULT NULL,
  `PROC_DEF_ID_` varchar(64) COLLATE utf8_bin DEFAULT NULL,
  `EXCEPTION_STACK_ID_` varchar(64) COLLATE utf8_bin DEFAULT NULL,
  `EXCEPTION_MSG_` varchar(4000) COLLATE utf8_bin DEFAULT NULL,
  `DUEDATE_` timestamp(3) NULL DEFAULT NULL,
  `REPEAT_` varchar(255) COLLATE utf8_bin DEFAULT NULL,
  `HANDLER_TYPE_` varchar(255) COLLATE utf8_bin DEFAULT NULL,
  `HANDLER_CFG_` varchar(4000) COLLATE utf8_bin DEFAULT NULL,
  `TENANT_ID_` varchar(255) COLLATE utf8_bin DEFAULT '',
  PRIMARY KEY (`ID_`),
  KEY `ACT_FK_DEADLETTER_JOB_EXECUTION` (`EXECUTION_ID_`),
  KEY `ACT_FK_DEADLETTER_JOB_PROCESS_INSTANCE` (`PROCESS_INSTANCE_ID_`),
  KEY `ACT_FK_DEADLETTER_JOB_PROC_DEF` (`PROC_DEF_ID_`),
  KEY `ACT_FK_DEADLETTER_JOB_EXCEPTION` (`EXCEPTION_STACK_ID_`),
  CONSTRAINT `ACT_FK_DEADLETTER_JOB_EXCEPTION` FOREIGN KEY (`EXCEPTION_STACK_ID_`) REFERENCES `act_ge_bytearray` (`ID_`),
  CONSTRAINT `ACT_FK_DEADLETTER_JOB_EXECUTION` FOREIGN KEY (`EXECUTION_ID_`) REFERENCES `act_ru_execution` (`ID_`),
  CONSTRAINT `ACT_FK_DEADLETTER_JOB_PROCESS_INSTANCE` FOREIGN KEY (`PROCESS_INSTANCE_ID_`) REFERENCES `act_ru_execution` (`ID_`),
  CONSTRAINT `ACT_FK_DEADLETTER_JOB_PROC_DEF` FOREIGN KEY (`PROC_DEF_ID_`) REFERENCES `act_re_procdef` (`ID_`)
) ENGINE=InnoDB DEFAULT CHARSET=utf8 COLLATE=utf8_bin;

-- ----------------------------
-- Records of act_ru_deadletter_job
-- ----------------------------

-- ----------------------------
-- Table structure for `act_ru_event_subscr`
-- ----------------------------
DROP TABLE IF EXISTS `act_ru_event_subscr`;
CREATE TABLE `act_ru_event_subscr` (
  `ID_` varchar(64) COLLATE utf8_bin NOT NULL,
  `REV_` int(11) DEFAULT NULL,
  `EVENT_TYPE_` varchar(255) COLLATE utf8_bin NOT NULL,
  `EVENT_NAME_` varchar(255) COLLATE utf8_bin DEFAULT NULL,
  `EXECUTION_ID_` varchar(64) COLLATE utf8_bin DEFAULT NULL,
  `PROC_INST_ID_` varchar(64) COLLATE utf8_bin DEFAULT NULL,
  `ACTIVITY_ID_` varchar(64) COLLATE utf8_bin DEFAULT NULL,
  `CONFIGURATION_` varchar(255) COLLATE utf8_bin DEFAULT NULL,
  `CREATED_` timestamp(3) NOT NULL DEFAULT CURRENT_TIMESTAMP(3),
  `PROC_DEF_ID_` varchar(64) COLLATE utf8_bin DEFAULT NULL,
  `TENANT_ID_` varchar(255) COLLATE utf8_bin DEFAULT '',
  PRIMARY KEY (`ID_`),
  KEY `ACT_IDX_EVENT_SUBSCR_CONFIG_` (`CONFIGURATION_`),
  KEY `ACT_FK_EVENT_EXEC` (`EXECUTION_ID_`),
  CONSTRAINT `ACT_FK_EVENT_EXEC` FOREIGN KEY (`EXECUTION_ID_`) REFERENCES `act_ru_execution` (`ID_`)
) ENGINE=InnoDB DEFAULT CHARSET=utf8 COLLATE=utf8_bin;

-- ----------------------------
-- Records of act_ru_event_subscr
-- ----------------------------

-- ----------------------------
-- Table structure for `act_ru_execution`
-- ----------------------------
DROP TABLE IF EXISTS `act_ru_execution`;
CREATE TABLE `act_ru_execution` (
  `ID_` varchar(64) COLLATE utf8_bin NOT NULL,
  `REV_` int(11) DEFAULT NULL,
  `PROC_INST_ID_` varchar(64) COLLATE utf8_bin DEFAULT NULL,
  `BUSINESS_KEY_` varchar(255) COLLATE utf8_bin DEFAULT NULL,
  `PARENT_ID_` varchar(64) COLLATE utf8_bin DEFAULT NULL,
  `PROC_DEF_ID_` varchar(64) COLLATE utf8_bin DEFAULT NULL,
  `SUPER_EXEC_` varchar(64) COLLATE utf8_bin DEFAULT NULL,
  `ACT_ID_` varchar(255) COLLATE utf8_bin DEFAULT NULL,
  `IS_ACTIVE_` tinyint(4) DEFAULT NULL,
  `IS_CONCURRENT_` tinyint(4) DEFAULT NULL,
  `IS_SCOPE_` tinyint(4) DEFAULT NULL,
  `IS_EVENT_SCOPE_` tinyint(4) DEFAULT NULL,
  `SUSPENSION_STATE_` int(11) DEFAULT NULL,
  `CACHED_ENT_STATE_` int(11) DEFAULT NULL,
  `TENANT_ID_` varchar(255) COLLATE utf8_bin DEFAULT '',
  `NAME_` varchar(255) COLLATE utf8_bin DEFAULT NULL,
  `LOCK_TIME_` timestamp(3) NULL DEFAULT NULL,
  `ROOT_PROC_INST_ID_` varchar(64) COLLATE utf8_bin DEFAULT NULL,
  `IS_MI_ROOT_` tinyint(4) DEFAULT NULL,
  `START_TIME_` datetime(3) DEFAULT NULL,
  `START_USER_ID_` varchar(255) COLLATE utf8_bin DEFAULT NULL,
  `IS_COUNT_ENABLED_` tinyint(4) DEFAULT NULL,
  `EVT_SUBSCR_COUNT_` int(11) DEFAULT NULL,
  `TASK_COUNT_` int(11) DEFAULT NULL,
  `JOB_COUNT_` int(11) DEFAULT NULL,
  `TIMER_JOB_COUNT_` int(11) DEFAULT NULL,
  `SUSP_JOB_COUNT_` int(11) DEFAULT NULL,
  `DEADLETTER_JOB_COUNT_` int(11) DEFAULT NULL,
  `VAR_COUNT_` int(11) DEFAULT NULL,
  `ID_LINK_COUNT_` int(11) DEFAULT NULL,
  PRIMARY KEY (`ID_`),
  KEY `ACT_IDX_EXEC_BUSKEY` (`BUSINESS_KEY_`),
  KEY `ACT_FK_EXE_PROCINST` (`PROC_INST_ID_`),
  KEY `ACT_FK_EXE_PROCDEF` (`PROC_DEF_ID_`),
  KEY `ACT_IDX_EXEC_ROOT` (`ROOT_PROC_INST_ID_`),
  KEY `ACT_FK_EXE_PARENT` (`PARENT_ID_`),
  KEY `ACT_FK_EXE_SUPER` (`SUPER_EXEC_`),
  CONSTRAINT `ACT_FK_EXE_PARENT` FOREIGN KEY (`PARENT_ID_`) REFERENCES `act_ru_execution` (`ID_`) ON DELETE CASCADE,
  CONSTRAINT `ACT_FK_EXE_PROCDEF` FOREIGN KEY (`PROC_DEF_ID_`) REFERENCES `act_re_procdef` (`ID_`),
  CONSTRAINT `ACT_FK_EXE_PROCINST` FOREIGN KEY (`PROC_INST_ID_`) REFERENCES `act_ru_execution` (`ID_`) ON DELETE CASCADE ON UPDATE CASCADE,
  CONSTRAINT `ACT_FK_EXE_SUPER` FOREIGN KEY (`SUPER_EXEC_`) REFERENCES `act_ru_execution` (`ID_`) ON DELETE CASCADE
) ENGINE=InnoDB DEFAULT CHARSET=utf8 COLLATE=utf8_bin;

-- ----------------------------
-- Records of act_ru_execution
-- ----------------------------

-- ----------------------------
-- Table structure for `act_ru_identitylink`
-- ----------------------------
DROP TABLE IF EXISTS `act_ru_identitylink`;
CREATE TABLE `act_ru_identitylink` (
  `ID_` varchar(64) COLLATE utf8_bin NOT NULL,
  `REV_` int(11) DEFAULT NULL,
  `GROUP_ID_` varchar(255) COLLATE utf8_bin DEFAULT NULL,
  `TYPE_` varchar(255) COLLATE utf8_bin DEFAULT NULL,
  `USER_ID_` varchar(255) COLLATE utf8_bin DEFAULT NULL,
  `TASK_ID_` varchar(64) COLLATE utf8_bin DEFAULT NULL,
  `PROC_INST_ID_` varchar(64) COLLATE utf8_bin DEFAULT NULL,
  `PROC_DEF_ID_` varchar(64) COLLATE utf8_bin DEFAULT NULL,
  PRIMARY KEY (`ID_`),
  KEY `ACT_IDX_IDENT_LNK_USER` (`USER_ID_`),
  KEY `ACT_IDX_IDENT_LNK_GROUP` (`GROUP_ID_`),
  KEY `ACT_IDX_ATHRZ_PROCEDEF` (`PROC_DEF_ID_`),
  KEY `ACT_FK_TSKASS_TASK` (`TASK_ID_`),
  KEY `ACT_FK_IDL_PROCINST` (`PROC_INST_ID_`),
  CONSTRAINT `ACT_FK_ATHRZ_PROCEDEF` FOREIGN KEY (`PROC_DEF_ID_`) REFERENCES `act_re_procdef` (`ID_`),
  CONSTRAINT `ACT_FK_IDL_PROCINST` FOREIGN KEY (`PROC_INST_ID_`) REFERENCES `act_ru_execution` (`ID_`),
  CONSTRAINT `ACT_FK_TSKASS_TASK` FOREIGN KEY (`TASK_ID_`) REFERENCES `act_ru_task` (`ID_`)
) ENGINE=InnoDB DEFAULT CHARSET=utf8 COLLATE=utf8_bin;

-- ----------------------------
-- Records of act_ru_identitylink
-- ----------------------------

-- ----------------------------
-- Table structure for `act_ru_job`
-- ----------------------------
DROP TABLE IF EXISTS `act_ru_job`;
CREATE TABLE `act_ru_job` (
  `ID_` varchar(64) COLLATE utf8_bin NOT NULL,
  `REV_` int(11) DEFAULT NULL,
  `TYPE_` varchar(255) COLLATE utf8_bin NOT NULL,
  `LOCK_EXP_TIME_` timestamp(3) NULL DEFAULT NULL,
  `LOCK_OWNER_` varchar(255) COLLATE utf8_bin DEFAULT NULL,
  `EXCLUSIVE_` tinyint(1) DEFAULT NULL,
  `EXECUTION_ID_` varchar(64) COLLATE utf8_bin DEFAULT NULL,
  `PROCESS_INSTANCE_ID_` varchar(64) COLLATE utf8_bin DEFAULT NULL,
  `PROC_DEF_ID_` varchar(64) COLLATE utf8_bin DEFAULT NULL,
  `RETRIES_` int(11) DEFAULT NULL,
  `EXCEPTION_STACK_ID_` varchar(64) COLLATE utf8_bin DEFAULT NULL,
  `EXCEPTION_MSG_` varchar(4000) COLLATE utf8_bin DEFAULT NULL,
  `DUEDATE_` timestamp(3) NULL DEFAULT NULL,
  `REPEAT_` varchar(255) COLLATE utf8_bin DEFAULT NULL,
  `HANDLER_TYPE_` varchar(255) COLLATE utf8_bin DEFAULT NULL,
  `HANDLER_CFG_` varchar(4000) COLLATE utf8_bin DEFAULT NULL,
  `TENANT_ID_` varchar(255) COLLATE utf8_bin DEFAULT '',
  PRIMARY KEY (`ID_`),
  KEY `ACT_FK_JOB_EXCEPTION` (`EXCEPTION_STACK_ID_`),
  KEY `ACT_FK_JOB_EXECUTION` (`EXECUTION_ID_`),
  KEY `ACT_FK_JOB_PROCESS_INSTANCE` (`PROCESS_INSTANCE_ID_`),
  KEY `ACT_FK_JOB_PROC_DEF` (`PROC_DEF_ID_`),
  CONSTRAINT `ACT_FK_JOB_EXCEPTION` FOREIGN KEY (`EXCEPTION_STACK_ID_`) REFERENCES `act_ge_bytearray` (`ID_`),
  CONSTRAINT `ACT_FK_JOB_EXECUTION` FOREIGN KEY (`EXECUTION_ID_`) REFERENCES `act_ru_execution` (`ID_`),
  CONSTRAINT `ACT_FK_JOB_PROCESS_INSTANCE` FOREIGN KEY (`PROCESS_INSTANCE_ID_`) REFERENCES `act_ru_execution` (`ID_`),
  CONSTRAINT `ACT_FK_JOB_PROC_DEF` FOREIGN KEY (`PROC_DEF_ID_`) REFERENCES `act_re_procdef` (`ID_`)
) ENGINE=InnoDB DEFAULT CHARSET=utf8 COLLATE=utf8_bin;

-- ----------------------------
-- Records of act_ru_job
-- ----------------------------

-- ----------------------------
-- Table structure for `act_ru_suspended_job`
-- ----------------------------
DROP TABLE IF EXISTS `act_ru_suspended_job`;
CREATE TABLE `act_ru_suspended_job` (
  `ID_` varchar(64) COLLATE utf8_bin NOT NULL,
  `REV_` int(11) DEFAULT NULL,
  `TYPE_` varchar(255) COLLATE utf8_bin NOT NULL,
  `EXCLUSIVE_` tinyint(1) DEFAULT NULL,
  `EXECUTION_ID_` varchar(64) COLLATE utf8_bin DEFAULT NULL,
  `PROCESS_INSTANCE_ID_` varchar(64) COLLATE utf8_bin DEFAULT NULL,
  `PROC_DEF_ID_` varchar(64) COLLATE utf8_bin DEFAULT NULL,
  `RETRIES_` int(11) DEFAULT NULL,
  `EXCEPTION_STACK_ID_` varchar(64) COLLATE utf8_bin DEFAULT NULL,
  `EXCEPTION_MSG_` varchar(4000) COLLATE utf8_bin DEFAULT NULL,
  `DUEDATE_` timestamp(3) NULL DEFAULT NULL,
  `REPEAT_` varchar(255) COLLATE utf8_bin DEFAULT NULL,
  `HANDLER_TYPE_` varchar(255) COLLATE utf8_bin DEFAULT NULL,
  `HANDLER_CFG_` varchar(4000) COLLATE utf8_bin DEFAULT NULL,
  `TENANT_ID_` varchar(255) COLLATE utf8_bin DEFAULT '',
  PRIMARY KEY (`ID_`),
  KEY `ACT_FK_SUSPENDED_JOB_EXECUTION` (`EXECUTION_ID_`),
  KEY `ACT_FK_SUSPENDED_JOB_PROCESS_INSTANCE` (`PROCESS_INSTANCE_ID_`),
  KEY `ACT_FK_SUSPENDED_JOB_PROC_DEF` (`PROC_DEF_ID_`),
  KEY `ACT_FK_SUSPENDED_JOB_EXCEPTION` (`EXCEPTION_STACK_ID_`),
  CONSTRAINT `ACT_FK_SUSPENDED_JOB_EXCEPTION` FOREIGN KEY (`EXCEPTION_STACK_ID_`) REFERENCES `act_ge_bytearray` (`ID_`),
  CONSTRAINT `ACT_FK_SUSPENDED_JOB_EXECUTION` FOREIGN KEY (`EXECUTION_ID_`) REFERENCES `act_ru_execution` (`ID_`),
  CONSTRAINT `ACT_FK_SUSPENDED_JOB_PROCESS_INSTANCE` FOREIGN KEY (`PROCESS_INSTANCE_ID_`) REFERENCES `act_ru_execution` (`ID_`),
  CONSTRAINT `ACT_FK_SUSPENDED_JOB_PROC_DEF` FOREIGN KEY (`PROC_DEF_ID_`) REFERENCES `act_re_procdef` (`ID_`)
) ENGINE=InnoDB DEFAULT CHARSET=utf8 COLLATE=utf8_bin;

-- ----------------------------
-- Records of act_ru_suspended_job
-- ----------------------------

-- ----------------------------
-- Table structure for `act_ru_task`
-- ----------------------------
DROP TABLE IF EXISTS `act_ru_task`;
CREATE TABLE `act_ru_task` (
  `ID_` varchar(64) COLLATE utf8_bin NOT NULL,
  `REV_` int(11) DEFAULT NULL,
  `EXECUTION_ID_` varchar(64) COLLATE utf8_bin DEFAULT NULL,
  `PROC_INST_ID_` varchar(64) COLLATE utf8_bin DEFAULT NULL,
  `PROC_DEF_ID_` varchar(64) COLLATE utf8_bin DEFAULT NULL,
  `NAME_` varchar(255) COLLATE utf8_bin DEFAULT NULL,
  `PARENT_TASK_ID_` varchar(64) COLLATE utf8_bin DEFAULT NULL,
  `DESCRIPTION_` varchar(4000) COLLATE utf8_bin DEFAULT NULL,
  `TASK_DEF_KEY_` varchar(255) COLLATE utf8_bin DEFAULT NULL,
  `OWNER_` varchar(255) COLLATE utf8_bin DEFAULT NULL,
  `ASSIGNEE_` varchar(255) COLLATE utf8_bin DEFAULT NULL,
  `DELEGATION_` varchar(64) COLLATE utf8_bin DEFAULT NULL,
  `PRIORITY_` int(11) DEFAULT NULL,
  `CREATE_TIME_` timestamp(3) NULL DEFAULT NULL,
  `DUE_DATE_` datetime(3) DEFAULT NULL,
  `CATEGORY_` varchar(255) COLLATE utf8_bin DEFAULT NULL,
  `SUSPENSION_STATE_` int(11) DEFAULT NULL,
  `TENANT_ID_` varchar(255) COLLATE utf8_bin DEFAULT '',
  `FORM_KEY_` varchar(255) COLLATE utf8_bin DEFAULT NULL,
  `CLAIM_TIME_` datetime(3) DEFAULT NULL,
  PRIMARY KEY (`ID_`),
  KEY `ACT_IDX_TASK_CREATE` (`CREATE_TIME_`),
  KEY `ACT_FK_TASK_EXE` (`EXECUTION_ID_`),
  KEY `ACT_FK_TASK_PROCINST` (`PROC_INST_ID_`),
  KEY `ACT_FK_TASK_PROCDEF` (`PROC_DEF_ID_`),
  CONSTRAINT `ACT_FK_TASK_EXE` FOREIGN KEY (`EXECUTION_ID_`) REFERENCES `act_ru_execution` (`ID_`),
  CONSTRAINT `ACT_FK_TASK_PROCDEF` FOREIGN KEY (`PROC_DEF_ID_`) REFERENCES `act_re_procdef` (`ID_`),
  CONSTRAINT `ACT_FK_TASK_PROCINST` FOREIGN KEY (`PROC_INST_ID_`) REFERENCES `act_ru_execution` (`ID_`)
) ENGINE=InnoDB DEFAULT CHARSET=utf8 COLLATE=utf8_bin;

-- ----------------------------
-- Records of act_ru_task
-- ----------------------------

-- ----------------------------
-- Table structure for `act_ru_timer_job`
-- ----------------------------
DROP TABLE IF EXISTS `act_ru_timer_job`;
CREATE TABLE `act_ru_timer_job` (
  `ID_` varchar(64) COLLATE utf8_bin NOT NULL,
  `REV_` int(11) DEFAULT NULL,
  `TYPE_` varchar(255) COLLATE utf8_bin NOT NULL,
  `LOCK_EXP_TIME_` timestamp(3) NULL DEFAULT NULL,
  `LOCK_OWNER_` varchar(255) COLLATE utf8_bin DEFAULT NULL,
  `EXCLUSIVE_` tinyint(1) DEFAULT NULL,
  `EXECUTION_ID_` varchar(64) COLLATE utf8_bin DEFAULT NULL,
  `PROCESS_INSTANCE_ID_` varchar(64) COLLATE utf8_bin DEFAULT NULL,
  `PROC_DEF_ID_` varchar(64) COLLATE utf8_bin DEFAULT NULL,
  `RETRIES_` int(11) DEFAULT NULL,
  `EXCEPTION_STACK_ID_` varchar(64) COLLATE utf8_bin DEFAULT NULL,
  `EXCEPTION_MSG_` varchar(4000) COLLATE utf8_bin DEFAULT NULL,
  `DUEDATE_` timestamp(3) NULL DEFAULT NULL,
  `REPEAT_` varchar(255) COLLATE utf8_bin DEFAULT NULL,
  `HANDLER_TYPE_` varchar(255) COLLATE utf8_bin DEFAULT NULL,
  `HANDLER_CFG_` varchar(4000) COLLATE utf8_bin DEFAULT NULL,
  `TENANT_ID_` varchar(255) COLLATE utf8_bin DEFAULT '',
  PRIMARY KEY (`ID_`),
  KEY `ACT_FK_TIMER_JOB_EXECUTION` (`EXECUTION_ID_`),
  KEY `ACT_FK_TIMER_JOB_PROCESS_INSTANCE` (`PROCESS_INSTANCE_ID_`),
  KEY `ACT_FK_TIMER_JOB_PROC_DEF` (`PROC_DEF_ID_`),
  KEY `ACT_FK_TIMER_JOB_EXCEPTION` (`EXCEPTION_STACK_ID_`),
  CONSTRAINT `ACT_FK_TIMER_JOB_EXCEPTION` FOREIGN KEY (`EXCEPTION_STACK_ID_`) REFERENCES `act_ge_bytearray` (`ID_`),
  CONSTRAINT `ACT_FK_TIMER_JOB_EXECUTION` FOREIGN KEY (`EXECUTION_ID_`) REFERENCES `act_ru_execution` (`ID_`),
  CONSTRAINT `ACT_FK_TIMER_JOB_PROCESS_INSTANCE` FOREIGN KEY (`PROCESS_INSTANCE_ID_`) REFERENCES `act_ru_execution` (`ID_`),
  CONSTRAINT `ACT_FK_TIMER_JOB_PROC_DEF` FOREIGN KEY (`PROC_DEF_ID_`) REFERENCES `act_re_procdef` (`ID_`)
) ENGINE=InnoDB DEFAULT CHARSET=utf8 COLLATE=utf8_bin;

-- ----------------------------
-- Records of act_ru_timer_job
-- ----------------------------

-- ----------------------------
-- Table structure for `act_ru_variable`
-- ----------------------------
DROP TABLE IF EXISTS `act_ru_variable`;
CREATE TABLE `act_ru_variable` (
  `ID_` varchar(64) COLLATE utf8_bin NOT NULL,
  `REV_` int(11) DEFAULT NULL,
  `TYPE_` varchar(255) COLLATE utf8_bin NOT NULL,
  `NAME_` varchar(255) COLLATE utf8_bin NOT NULL,
  `EXECUTION_ID_` varchar(64) COLLATE utf8_bin DEFAULT NULL,
  `PROC_INST_ID_` varchar(64) COLLATE utf8_bin DEFAULT NULL,
  `TASK_ID_` varchar(64) COLLATE utf8_bin DEFAULT NULL,
  `BYTEARRAY_ID_` varchar(64) COLLATE utf8_bin DEFAULT NULL,
  `DOUBLE_` double DEFAULT NULL,
  `LONG_` bigint(20) DEFAULT NULL,
  `TEXT_` varchar(4000) COLLATE utf8_bin DEFAULT NULL,
  `TEXT2_` varchar(4000) COLLATE utf8_bin DEFAULT NULL,
  PRIMARY KEY (`ID_`),
  KEY `ACT_IDX_VARIABLE_TASK_ID` (`TASK_ID_`),
  KEY `ACT_FK_VAR_EXE` (`EXECUTION_ID_`),
  KEY `ACT_FK_VAR_PROCINST` (`PROC_INST_ID_`),
  KEY `ACT_FK_VAR_BYTEARRAY` (`BYTEARRAY_ID_`),
  CONSTRAINT `ACT_FK_VAR_BYTEARRAY` FOREIGN KEY (`BYTEARRAY_ID_`) REFERENCES `act_ge_bytearray` (`ID_`),
  CONSTRAINT `ACT_FK_VAR_EXE` FOREIGN KEY (`EXECUTION_ID_`) REFERENCES `act_ru_execution` (`ID_`),
  CONSTRAINT `ACT_FK_VAR_PROCINST` FOREIGN KEY (`PROC_INST_ID_`) REFERENCES `act_ru_execution` (`ID_`)
) ENGINE=InnoDB DEFAULT CHARSET=utf8 COLLATE=utf8_bin;

-- ----------------------------
-- Records of act_ru_variable
-- ----------------------------

-- ----------------------------
-- Table structure for `t_company`
-- ----------------------------
DROP TABLE IF EXISTS `t_company`;
CREATE TABLE `t_company` (
  `id` varchar(32) NOT NULL COMMENT 'ID UUID',
  `company_name` varchar(60) DEFAULT NULL COMMENT '',
  `company_short_name` varchar(60) DEFAULT NULL COMMENT '',
  `parent_id` varchar(32) DEFAULT NULL COMMENT 'ID',
  `sort` int(11) DEFAULT NULL COMMENT '',
  `level` int(11) DEFAULT NULL COMMENT '',
  `status` int(11) DEFAULT '1' COMMENT '',
  `create_by` varchar(30) DEFAULT NULL COMMENT '',
  `create_time` timestamp NOT NULL DEFAULT CURRENT_TIMESTAMP COMMENT '',
  `update_by` varchar(30) DEFAULT NULL COMMENT '',
  `update_time` timestamp NOT NULL DEFAULT CURRENT_TIMESTAMP COMMENT '',
  PRIMARY KEY (`id`)
) ENGINE=InnoDB DEFAULT CHARSET=utf8 COMMENT='';

-- ----------------------------
-- Records of t_company
-- ----------------------------
INSERT INTO `t_company` VALUES ('1', '', '', 'a8a2d8a28bcc11e8952e00aca0f76cb0', '1', '1', '1', 'joyu', '2018-07-13 17:02:48', 'admin', '2018-07-23 14:31:35');
INSERT INTO `t_company` VALUES ('38168a378bcc11e8952e00aca0f76cb0', '1', '1', 'd65bf12f8bcc11e8952e00aca0f76cb0', '1', '1', '1', 'admin', '2018-07-20 11:22:27', 'admin', '2018-07-23 14:32:50');
INSERT INTO `t_company` VALUES ('64a418188bcc11e8952e00aca0f76cb0', '2', '2', '38168a378bcc11e8952e00aca0f76cb0', '1', '1', '1', 'admin', '2018-07-20 11:23:42', 'admin', '2018-07-23 14:32:41');
INSERT INTO `t_company` VALUES ('6e9d95828e4211e8952e00aca0f76cb0', '8', '8', '38168a378bcc11e8952e00aca0f76cb0', '1', '1', '1', 'admin', '2018-07-23 14:33:36', null, '2018-07-23 14:33:35');
INSERT INTO `t_company` VALUES ('a8a2d8a28bcc11e8952e00aca0f76cb0', '3', '3', '38168a378bcc11e8952e00aca0f76cb0', '1', '1', '1', 'admin', '2018-07-20 11:25:36', 'admin', '2018-07-23 14:32:32');
INSERT INTO `t_company` VALUES ('aece2e1e8be911e8952e00aca0f76cb0', '7', '7', '38168a378bcc11e8952e00aca0f76cb0', '1', '1', '1', 'admin', '2018-07-20 14:53:22', 'admin', '2018-07-23 14:32:08');
INSERT INTO `t_company` VALUES ('b134b7488f0911e8952e00aca0f76cb0', '9', '9', 'aece2e1e8be911e8952e00aca0f76cb0', '1', '1', '1', 'admin', '2018-07-24 14:19:52', 'admin', '2018-07-24 14:42:17');
INSERT INTO `t_company` VALUES ('d65bf12f8bcc11e8952e00aca0f76cb0', '4', '4', 'aece2e1e8be911e8952e00aca0f76cb0', '1', '1', '1', 'admin', '2018-07-20 11:26:53', 'admin', '2018-07-23 14:32:22');

-- ----------------------------
-- Table structure for `t_credit`
-- ----------------------------
DROP TABLE IF EXISTS `t_credit`;
CREATE TABLE `t_credit` (
  `id` varchar(32) NOT NULL COMMENT 'ID UUID',
  `company_id` varchar(32) DEFAULT NULL COMMENT '',
  `project_id` varchar(32) DEFAULT NULL COMMENT 'ID',
  `credit_code` varchar(30) DEFAULT NULL COMMENT '',
  `credit_type` int(11) NOT NULL DEFAULT '1' COMMENT ' 1  2 ',
  `open_amount` double DEFAULT '0' COMMENT '',
  `open_time` date NOT NULL,
  `rest_amount` double DEFAULT '0' COMMENT '',
  `status` int(11) DEFAULT '1' COMMENT '',
  `create_by` varchar(30) DEFAULT NULL COMMENT '',
  `create_time` timestamp NOT NULL DEFAULT CURRENT_TIMESTAMP COMMENT '',
  `update_by` varchar(30) DEFAULT NULL COMMENT '',
  `update_time` timestamp NOT NULL DEFAULT CURRENT_TIMESTAMP COMMENT '',
  PRIMARY KEY (`id`)
) ENGINE=InnoDB DEFAULT CHARSET=utf8 COMMENT='';

-- ----------------------------
-- Records of t_credit
-- ----------------------------
INSERT INTO `t_credit` VALUES ('08f59d72a1dc11e89f3d00aca0f76cb0', '38168a378bcc11e8952e00aca0f76cb0', 'fcd14a3da1db11e89f3d00aca0f76cb0', 'XYZ8001-20180717131124', '2', '300', '2018-08-18', '300', '1', 'joyu', '2018-08-17 13:11:25', null, '2018-08-17 13:11:25');
INSERT INTO `t_credit` VALUES ('3586338e8e5b11e8952e00aca0f76cb0', '38168a378bcc11e8952e00aca0f76cb0', null, 'XYZ7001-20180623173057', '1', '200', '2018-07-10', '200', '1', '', '2018-07-23 17:30:57', null, '2018-07-23 17:30:57');
INSERT INTO `t_credit` VALUES ('36ef3146a06511e8b8e700aca0f76cb0', 'b134b7488f0911e8952e00aca0f76cb0', '', 'XYZ8001-20180715162741', '1', '2000', '2018-08-23', '2000', '1', 'joyu', '2018-08-15 16:27:42', null, '2018-08-15 16:27:42');
INSERT INTO `t_credit` VALUES ('65f1d2dba06511e8b8e700aca0f76cb0', '1', 'b266f7908fdc11e8952e00aca0f76cb0', 'XYZ6001-20180715162900', '2', '3003', '2018-08-24', '3000', '1', 'joyu', '2018-08-15 16:29:00', 'joyu', '2018-08-15 17:10:38');
INSERT INTO `t_credit` VALUES ('95808f55a06811e8b8e700aca0f76cb0', 'b134b7488f0911e8952e00aca0f76cb0', '', 'XYZ4001-20180715165148', '1', '300', '2018-08-15', '300', '1', 'joyu', '2018-08-15 16:51:48', null, '2018-08-15 16:51:48');
INSERT INTO `t_credit` VALUES ('a0ff4dc1a06811e8b8e700aca0f76cb0', '1', 'b266f7908fdc11e8952e00aca0f76cb0', 'XYZ1001-20180715165207', '2', '2000', '2018-08-18', '2000', '1', 'joyu', '2018-08-15 16:52:07', null, '2018-08-15 16:52:07');
INSERT INTO `t_credit` VALUES ('caeb968c8f0c11e8952e00aca0f76cb0', 'b134b7488f0911e8952e00aca0f76cb0', null, 'XYZ2001-20180624144203', '1', '3000', '2018-07-25', '300', '1', '', '2018-07-24 14:42:03', '', '2018-07-25 08:55:50');
INSERT INTO `t_credit` VALUES ('df3ed2ce8a6e11e8952e00aca0f76cb0', '1', null, 'XYZ5001-20180618174155', '1', '100', '2018-07-18', '100', '1', '', '2018-07-18 17:41:55', null, '2018-07-18 17:41:55');
INSERT INTO `t_credit` VALUES ('e22d3a11a06711e8b8e700aca0f76cb0', '1', 'b266f7908fdc11e8952e00aca0f76cb0', 'XYZ4001-20180715164647', '2', '3000', '2018-08-18', '3000', '1', 'joyu', '2018-08-15 16:46:47', null, '2018-08-15 16:46:47');
INSERT INTO `t_credit` VALUES ('e3fe8dea8a6e11e8952e00aca0f76cb0', '1', null, 'XYZ2001-20180618174203', '1', '100', '2018-07-18', '100', '1', '', '2018-07-18 17:42:03', null, '2018-07-18 17:42:03');
INSERT INTO `t_credit` VALUES ('f0795cfb8a6e11e8952e00aca0f76cb0', '1', null, 'XYZ9001-20180618174224', '1', '100', '2018-07-18', '100', '1', '', '2018-07-18 17:42:24', null, '2018-07-18 17:42:24');
INSERT INTO `t_credit` VALUES ('faff7300a06611e8b8e700aca0f76cb0', '1', 'b266f7908fdc11e8952e00aca0f76cb0', 'XYZ7001-20180715164019', '2', '3000', '2018-08-16', '3000', '1', 'joyu', '2018-08-15 16:40:19', null, '2018-08-15 16:40:19');

-- ----------------------------
-- Table structure for `t_log`
-- ----------------------------
DROP TABLE IF EXISTS `t_log`;
CREATE TABLE `t_log` (
  `id` varchar(32) NOT NULL COMMENT 'ID UUID',
  `operator_id` varchar(32) DEFAULT NULL COMMENT 'ID',
  `operator_name` varchar(60) DEFAULT NULL COMMENT '',
  `operator_time` timestamp NOT NULL DEFAULT CURRENT_TIMESTAMP COMMENT '',
  `model_desc` varchar(200) DEFAULT NULL COMMENT '',
  `function_desc` varchar(200) DEFAULT NULL COMMENT '',
  `function_id` varchar(32) DEFAULT NULL COMMENT 'ID',
  `ip` varchar(30) DEFAULT NULL COMMENT 'ip',
  `type` int(11) DEFAULT NULL COMMENT '1  2 ',
  `remarks` varchar(255) DEFAULT NULL COMMENT '',
  PRIMARY KEY (`id`)
) ENGINE=InnoDB DEFAULT CHARSET=utf8;

-- ----------------------------
-- Records of t_log
-- ----------------------------

-- ----------------------------
-- Table structure for `t_order`
-- ----------------------------
DROP TABLE IF EXISTS `t_order`;
CREATE TABLE `t_order` (
  `id` varchar(32) NOT NULL COMMENT 'ID',
  `project_id` varchar(32) DEFAULT NULL COMMENT 'ID',
  `order_code` varchar(30) DEFAULT NULL COMMENT '',
  `order_time` timestamp NOT NULL DEFAULT CURRENT_TIMESTAMP COMMENT '',
  `order_status` int(11) DEFAULT NULL,
  `order_exception_desc` varchar(200) DEFAULT NULL COMMENT '',
  `delivery_time` timestamp NOT NULL DEFAULT CURRENT_TIMESTAMP COMMENT '',
  `delivery_status` int(11) DEFAULT NULL COMMENT '',
  `delivery_exception_desc` varchar(200) DEFAULT NULL COMMENT '',
  `receive_num` varchar(30) DEFAULT '0.0' COMMENT '',
  `quality` int(11) DEFAULT NULL COMMENT '',
  `quality_remark` varchar(200) DEFAULT NULL COMMENT '',
  `service` int(11) DEFAULT NULL COMMENT '',
  `service_remark` varchar(200) DEFAULT NULL COMMENT '',
  `settlement_mode` int(11) DEFAULT NULL,
  `status` int(11) DEFAULT '1' COMMENT '',
  `create_by` varchar(30) DEFAULT NULL COMMENT '',
  `create_time` timestamp NOT NULL DEFAULT CURRENT_TIMESTAMP COMMENT '',
  `update_by` varchar(30) DEFAULT NULL COMMENT '',
  `update_time` timestamp NOT NULL DEFAULT CURRENT_TIMESTAMP COMMENT '',
  PRIMARY KEY (`id`)
) ENGINE=InnoDB DEFAULT CHARSET=utf8 COMMENT='';

-- ----------------------------
-- Records of t_order
-- ----------------------------
INSERT INTO `t_order` VALUES ('07568b9a94a311e8952e00aca0f76cb0', 'b266f7908fdc11e8952e00aca0f76cb0', 'JCO2001-20180631171926', '2018-07-30 00:00:00', '1', '2', '2018-07-31 00:00:00', '1', '', '100', '1', null, '1', null, null, '1', 'admin', '2018-07-31 17:19:28', 'joyu', '2018-08-17 13:15:55');
INSERT INTO `t_order` VALUES ('1df1a736a1b911e89f3d00aca0f76cb0', 'b266f7908fdc11e8952e00aca0f76cb0', 'JCO4001-20180717090127', '2018-08-17 00:00:00', null, null, '2018-08-25 00:00:00', '0', '', '100', '1', '', '0', '', null, '1', 'joyu', '2018-08-17 09:01:28', 'joyu', '2018-08-17 09:19:41');
INSERT INTO `t_order` VALUES ('9e29872ea1dc11e89f3d00aca0f76cb0', 'fcd14a3da1db11e89f3d00aca0f76cb0', 'JCO5001-20180717131353', '2018-08-18 00:00:00', null, null, '2018-08-18 00:00:00', '1', '', '100', '1', '', '0', '', null, null, 'joyu', '2018-08-17 13:13:55', null, '2018-08-17 13:15:35');

-- ----------------------------
-- Table structure for `t_payment`
-- ----------------------------
DROP TABLE IF EXISTS `t_payment`;
CREATE TABLE `t_payment` (
  `id` varchar(32) NOT NULL COMMENT 'ID uuid',
  `settlement_id` varchar(32) DEFAULT NULL COMMENT 'ID',
  `payment_code` varchar(30) DEFAULT NULL COMMENT '',
  `approval_time` timestamp NOT NULL DEFAULT CURRENT_TIMESTAMP COMMENT '',
  `approval_status` int(11) DEFAULT NULL COMMENT '',
  `payment_time` timestamp NOT NULL DEFAULT CURRENT_TIMESTAMP COMMENT '',
  `payment_status` int(11) DEFAULT NULL COMMENT '',
  `payment_amount` double DEFAULT NULL COMMENT '',
  `credit_surplus_amount` double DEFAULT NULL COMMENT '',
  `remarks` varchar(255) DEFAULT NULL COMMENT '',
  `status` int(11) DEFAULT '1' COMMENT '',
  `create_by` varchar(30) DEFAULT NULL COMMENT '',
  `create_time` timestamp NOT NULL DEFAULT CURRENT_TIMESTAMP COMMENT '',
  `update_by` varchar(30) DEFAULT NULL COMMENT '',
  `update_time` timestamp NOT NULL DEFAULT CURRENT_TIMESTAMP COMMENT '',
  PRIMARY KEY (`id`)
) ENGINE=InnoDB DEFAULT CHARSET=utf8 COMMENT='';

-- ----------------------------
-- Records of t_payment
-- ----------------------------

-- ----------------------------
-- Table structure for `t_project`
-- ----------------------------
DROP TABLE IF EXISTS `t_project`;
CREATE TABLE `t_project` (
  `id` varchar(32) NOT NULL COMMENT 'UUID',
  `company_id` varchar(32) DEFAULT NULL COMMENT 'ID',
  `project_name` varchar(60) DEFAULT NULL COMMENT '',
  `project_code` varchar(30) DEFAULT NULL COMMENT '',
  `year` varchar(10) DEFAULT NULL COMMENT '',
  `supply_unit` varchar(60) DEFAULT NULL COMMENT '',
  `contract_sign_time` varchar(20) DEFAULT NULL COMMENT '',
  `supply_time` varchar(20) DEFAULT NULL COMMENT '',
  `contract_num` varchar(20) DEFAULT NULL COMMENT '',
  `contract_amount` varchar(20) DEFAULT NULL COMMENT '',
  `settlement_mode` varchar(20) DEFAULT NULL,
  `base_float_value` varchar(20) DEFAULT NULL COMMENT '',
  `extra_capital_amount` varchar(20) DEFAULT NULL COMMENT '',
  `capital_time_limit` varchar(20) DEFAULT NULL COMMENT '',
  `interest_rate` varchar(20) DEFAULT NULL COMMENT '',
  `status` int(11) DEFAULT '1',
  `create_by` varchar(30) DEFAULT NULL COMMENT '',
  `create_time` timestamp NOT NULL DEFAULT CURRENT_TIMESTAMP COMMENT '',
  `update_by` varchar(30) DEFAULT NULL COMMENT '',
  `update_time` timestamp NOT NULL DEFAULT CURRENT_TIMESTAMP COMMENT '',
  PRIMARY KEY (`id`)
) ENGINE=InnoDB DEFAULT CHARSET=utf8 COMMENT='';

-- ----------------------------
-- Records of t_project
-- ----------------------------
INSERT INTO `t_project` VALUES ('20c240b894a211e8952e00aca0f76cb0', null, null, 'GCP9001-20180631171303', null, null, null, null, null, null, null, null, null, null, null, '1', '-', '2018-07-31 17:13:03', null, '2018-07-31 17:13:03');
INSERT INTO `t_project` VALUES ('46ef444394a211e8952e00aca0f76cb0', null, null, 'GCP0001-20180631171407', null, null, null, null, null, null, null, null, null, null, null, '1', '-', '2018-07-31 17:14:07', null, '2018-07-31 17:14:07');
INSERT INTO `t_project` VALUES ('b266f7908fdc11e8952e00aca0f76cb0', '1', '1', 'GCP5001-20180625153008', '2018', '', '2018-07-25', '2018-2020', '3', '3000', '2', '5%', '1000', '', '5%', '1', '-', '2018-07-25 15:30:09', 'joyu', '2018-08-17 10:39:19');
INSERT INTO `t_project` VALUES ('fcd14a3da1db11e89f3d00aca0f76cb0', '38168a378bcc11e8952e00aca0f76cb0', '2', 'GCP5001-20180717131104', '2018', '', '2018-08-25', '2018-2020', '3', '3000', '2', '5%', '1000', '200', '5%', '1', 'joyu', '2018-08-17 13:11:05', null, '2018-08-17 13:11:04');

-- ----------------------------
-- Table structure for `t_receipt`
-- ----------------------------
DROP TABLE IF EXISTS `t_receipt`;
CREATE TABLE `t_receipt` (
  `id` varchar(32) NOT NULL COMMENT 'ID UUID',
  `company_id` varchar(32) DEFAULT NULL COMMENT '',
  `project_id` varchar(32) DEFAULT NULL COMMENT 'ID',
  `receipt_amount` double DEFAULT '0' COMMENT '',
  `receipt_time` timestamp NOT NULL DEFAULT CURRENT_TIMESTAMP COMMENT '',
  `remarks` varchar(255) DEFAULT NULL COMMENT '',
  `status` int(11) DEFAULT '1' COMMENT '',
  `create_by` varchar(30) DEFAULT NULL COMMENT '',
  `create_time` timestamp NOT NULL DEFAULT CURRENT_TIMESTAMP COMMENT '',
  `update_by` varchar(30) DEFAULT NULL COMMENT '',
  `update_time` timestamp NOT NULL DEFAULT CURRENT_TIMESTAMP COMMENT '',
  PRIMARY KEY (`id`)
) ENGINE=InnoDB DEFAULT CHARSET=utf8 COMMENT='';

-- ----------------------------
-- Records of t_receipt
-- ----------------------------
INSERT INTO `t_receipt` VALUES ('04a9cb07a1dc11e89f3d00aca0f76cb0', null, 'fcd14a3da1db11e89f3d00aca0f76cb0', '5001', '2018-08-18 00:00:00', null, '1', 'joyu', '2018-08-17 13:11:18', null, '2018-08-17 13:11:17');
INSERT INTO `t_receipt` VALUES ('2f64c4b78f1c11e8952e00aca0f76cb0', 'b134b7488f0911e8952e00aca0f76cb0', null, '5000', '2018-07-24 00:00:00', null, '1', '', '2018-07-24 16:32:10', '', '2018-07-24 16:33:25');
INSERT INTO `t_receipt` VALUES ('65bd04598e5511e8952e00aca0f76cb0', '38168a378bcc11e8952e00aca0f76cb0', null, '200', '2018-07-23 00:00:00', '', '1', '', '2018-07-23 16:49:21', null, '2018-07-23 16:49:21');
INSERT INTO `t_receipt` VALUES ('ccfd895d8f0811e8952e00aca0f76cb0', '6e9d95828e4211e8952e00aca0f76cb0', null, '500', '2018-07-24 00:00:00', '', '1', '', '2018-07-24 14:13:29', null, '2018-07-24 14:13:28');
INSERT INTO `t_receipt` VALUES ('e7036ce0a06611e8b8e700aca0f76cb0', null, 'b266f7908fdc11e8952e00aca0f76cb0', '5000', '2018-08-17 00:00:00', null, '1', 'joyu', '2018-08-15 16:39:46', null, '2018-08-15 16:39:46');

-- ----------------------------
-- Table structure for `t_settlement`
-- ----------------------------
DROP TABLE IF EXISTS `t_settlement`;
CREATE TABLE `t_settlement` (
  `id` varchar(96) DEFAULT NULL,
  `order_id` varchar(96) DEFAULT NULL,
  `company_id` varchar(96) DEFAULT NULL,
  `project_id` varchar(96) DEFAULT NULL,
  `settlement_code` varchar(90) DEFAULT NULL,
  `supplier_settlement_time` date DEFAULT NULL,
  `supplier_settlement_status` int(11) DEFAULT NULL,
  `supplier_settlement_remark` varchar(3000) DEFAULT NULL,
  `settlement_delivery_time` date DEFAULT NULL,
  `settlement_delivery_status` int(11) DEFAULT NULL,
  `settlement_delivery_remark` varchar(3000) DEFAULT NULL,
  `bill_delivery_time` date DEFAULT NULL,
  `bill_delivery_status` int(11) DEFAULT NULL,
  `bill_delivery_remark` varchar(3000) DEFAULT NULL,
  `buyer_settlement_time` date DEFAULT NULL,
  `buyer_settlement_status` int(11) DEFAULT NULL,
  `buyer_settlement_remark` varchar(3000) DEFAULT NULL,
  `bill_open_time` date DEFAULT NULL,
  `bill_open_status` int(11) DEFAULT NULL,
  `bill_open_remark` varchar(3000) DEFAULT NULL,
  `settlement_mode` int(11) DEFAULT NULL,
  `settlement_amount` double DEFAULT NULL,
  `status` int(11) DEFAULT NULL,
  `create_by` varchar(90) DEFAULT NULL,
  `create_time` timestamp NOT NULL DEFAULT CURRENT_TIMESTAMP,
  `update_by` varchar(90) DEFAULT NULL,
  `update_time` timestamp NOT NULL DEFAULT CURRENT_TIMESTAMP
) ENGINE=InnoDB DEFAULT CHARSET=utf8;

-- ----------------------------
-- Records of t_settlement
-- ----------------------------

-- ----------------------------
-- Table structure for `t_sys_function`
-- ----------------------------
DROP TABLE IF EXISTS `t_sys_function`;
CREATE TABLE `t_sys_function` (
  `id` bigint(8) NOT NULL AUTO_INCREMENT COMMENT 'ID',
  `menu_id` bigint(8) NOT NULL,
  `function_code` varchar(30) DEFAULT NULL COMMENT '',
  `function_name` varchar(20) DEFAULT NULL COMMENT '',
  `function_class` varchar(20) DEFAULT NULL COMMENT '',
  `type` int(2) DEFAULT '0' COMMENT ' 0  1 ',
  `sort` int(2) DEFAULT '0' COMMENT '',
  `status` int(11) DEFAULT '1' COMMENT ' 1  0  ',
  `create_time` timestamp NOT NULL DEFAULT CURRENT_TIMESTAMP COMMENT '',
  `create_by` varchar(40) DEFAULT NULL COMMENT '',
  `update_time` timestamp NOT NULL DEFAULT CURRENT_TIMESTAMP COMMENT '',
  `update_by` varchar(40) DEFAULT NULL COMMENT '',
  PRIMARY KEY (`id`)
) ENGINE=InnoDB AUTO_INCREMENT=4 DEFAULT CHARSET=utf8 COMMENT='';

-- ----------------------------
-- Records of t_sys_function
-- ----------------------------
INSERT INTO `t_sys_function` VALUES ('1', '4', '0401', '', null, '0', '1', '1', '2018-10-29 17:00:52', 'joyu', '2018-10-29 17:00:51', null);
INSERT INTO `t_sys_function` VALUES ('2', '4', '040101', '', '', '1', '1', '1', '2018-10-29 17:07:59', 'joyu', '2018-10-29 17:07:58', null);
INSERT INTO `t_sys_function` VALUES ('3', '4', '040102', '', '', '1', '2', '1', '2018-10-29 17:08:37', 'joyu', '2018-10-29 17:08:36', null);

-- ----------------------------
-- Table structure for `t_sys_menu`
-- ----------------------------
DROP TABLE IF EXISTS `t_sys_menu`;
CREATE TABLE `t_sys_menu` (
  `id` int(8) NOT NULL AUTO_INCREMENT COMMENT 'ID',
  `module_id` bigint(20) NOT NULL,
  `module_name` varchar(40) NOT NULL,
  `menu_code` varchar(30) NOT NULL COMMENT '',
  `menu_name` varchar(40) NOT NULL COMMENT '',
  `parent_id` bigint(8) DEFAULT NULL COMMENT '',
  `parent_menu_name` varchar(40) DEFAULT NULL COMMENT '',
  `url` varchar(40) DEFAULT NULL COMMENT 'URL',
  `menu_class` varchar(20) DEFAULT NULL COMMENT '',
  `menu_type` int(11) DEFAULT NULL COMMENT ' 1  2 ',
  `sort` int(11) DEFAULT NULL COMMENT '',
  `level` int(11) DEFAULT NULL COMMENT ' 1  2  3 ',
  `status` int(11) DEFAULT '1' COMMENT ' 1  0  ',
  `create_time` timestamp NOT NULL DEFAULT CURRENT_TIMESTAMP COMMENT '',
  `create_by` varchar(30) DEFAULT NULL COMMENT '',
  `update_time` timestamp NOT NULL DEFAULT CURRENT_TIMESTAMP COMMENT '',
  `update_by` varchar(30) DEFAULT NULL COMMENT '',
  PRIMARY KEY (`id`),
  KEY `AK_Key_1` (`id`)
) ENGINE=InnoDB AUTO_INCREMENT=5 DEFAULT CHARSET=utf8 COMMENT='';

-- ----------------------------
-- Records of t_sys_menu
-- ----------------------------
INSERT INTO `t_sys_menu` VALUES ('1', '8', '', '080101', '', null, '', '', '', '1', '1', '2', '1', '2018-10-29 16:46:23', 'joyu', '2018-10-29 16:46:23', null);
INSERT INTO `t_sys_menu` VALUES ('2', '8', '', '080201', '', '1', '', '', '', '2', '1', '3', '1', '2018-10-29 16:48:22', 'joyu', '2018-10-29 16:48:21', null);
INSERT INTO `t_sys_menu` VALUES ('3', '8', '', '080202', '', '1', '', '', '', '2', '2', '3', '1', '2018-10-29 16:48:53', 'joyu', '2018-10-29 16:48:53', null);
INSERT INTO `t_sys_menu` VALUES ('4', '8', '', '080203', '', '1', '', '', '', '2', '3', '3', '1', '2018-10-29 16:50:45', 'joyu', '2018-10-29 16:50:45', null);

-- ----------------------------
-- Table structure for `t_sys_menu_function`
-- ----------------------------
DROP TABLE IF EXISTS `t_sys_menu_function`;
CREATE TABLE `t_sys_menu_function` (
  `id` varchar(32) NOT NULL COMMENT 'ID',
  `menu_id` varchar(32) DEFAULT NULL COMMENT 'ID',
  `function_id` varchar(32) DEFAULT NULL COMMENT 'ID'
) ENGINE=InnoDB DEFAULT CHARSET=utf8 COMMENT='';

-- ----------------------------
-- Records of t_sys_menu_function
-- ----------------------------

-- ----------------------------
-- Table structure for `t_sys_module`
-- ----------------------------
DROP TABLE IF EXISTS `t_sys_module`;
CREATE TABLE `t_sys_module` (
  `id` bigint(8) NOT NULL AUTO_INCREMENT COMMENT 'ID',
  `module_code` varchar(2) DEFAULT NULL COMMENT '',
  `module_name` varchar(40) NOT NULL COMMENT '',
  `sort` int(11) DEFAULT NULL COMMENT '',
  `status` int(11) DEFAULT '1' COMMENT ' 1  0  ',
  `create_time` timestamp NOT NULL DEFAULT CURRENT_TIMESTAMP COMMENT '',
  `create_by` varchar(40) DEFAULT NULL COMMENT '',
  `update_time` timestamp NOT NULL DEFAULT CURRENT_TIMESTAMP COMMENT '',
  `update_by` varchar(40) DEFAULT NULL COMMENT '',
  PRIMARY KEY (`id`),
  KEY `AK_Key_1` (`id`)
) ENGINE=InnoDB AUTO_INCREMENT=9 DEFAULT CHARSET=utf8 COMMENT='';

-- ----------------------------
-- Records of t_sys_module
-- ----------------------------
INSERT INTO `t_sys_module` VALUES ('5', '01', '', '1', '1', '2018-10-29 16:43:34', 'joyu', '2018-10-29 16:43:34', null);
INSERT INTO `t_sys_module` VALUES ('6', '02', '', '2', '1', '2018-10-29 16:43:58', 'joyu', '2018-10-29 16:43:58', null);
INSERT INTO `t_sys_module` VALUES ('7', '03', '', '3', '1', '2018-10-29 16:44:30', 'joyu', '2018-10-29 16:44:29', null);
INSERT INTO `t_sys_module` VALUES ('8', '04', '', '4', '1', '2018-10-29 16:44:44', 'joyu', '2018-10-29 16:44:44', null);

-- ----------------------------
-- Table structure for `t_sys_permission`
-- ----------------------------
DROP TABLE IF EXISTS `t_sys_permission`;
CREATE TABLE `t_sys_permission` (
  `id` varchar(32) NOT NULL COMMENT 'ID',
  `user_id` varchar(32) DEFAULT NULL COMMENT 'ID',
  `permissions` varchar(180) DEFAULT NULL COMMENT '',
  `permission_type` int(11) DEFAULT NULL COMMENT '  1  2  3 ',
  `status` int(11) DEFAULT '1' COMMENT '',
  `create_by` varchar(30) DEFAULT NULL COMMENT '',
  `create_time` timestamp NOT NULL DEFAULT CURRENT_TIMESTAMP COMMENT '',
  `update_by` varchar(30) DEFAULT NULL COMMENT '',
  `update_time` timestamp NOT NULL DEFAULT CURRENT_TIMESTAMP COMMENT '',
  PRIMARY KEY (`id`)
) ENGINE=InnoDB DEFAULT CHARSET=utf8 COMMENT='';

-- ----------------------------
-- Records of t_sys_permission
-- ----------------------------
INSERT INTO `t_sys_permission` VALUES ('7801fa64a06211e8b8e700aca0f76cb0', '1', '01', '1', '1', 'admin', '2018-08-15 16:08:02', null, '2018-08-15 16:08:02');
INSERT INTO `t_sys_permission` VALUES ('7801fd6fa06211e8b8e700aca0f76cb0', '1', '0101', '2', '1', 'admin', '2018-08-15 16:08:02', null, '2018-08-15 16:08:02');
INSERT INTO `t_sys_permission` VALUES ('7801fe26a06211e8b8e700aca0f76cb0', '1', '0101-0005', '3', '1', 'admin', '2018-08-15 16:08:02', null, '2018-08-15 16:08:02');
INSERT INTO `t_sys_permission` VALUES ('7801fe82a06211e8b8e700aca0f76cb0', '1', '0101-0001', '3', '1', 'admin', '2018-08-15 16:08:02', null, '2018-08-15 16:08:02');
INSERT INTO `t_sys_permission` VALUES ('7801fed3a06211e8b8e700aca0f76cb0', '1', '0101-0002', '3', '1', 'admin', '2018-08-15 16:08:02', null, '2018-08-15 16:08:02');
INSERT INTO `t_sys_permission` VALUES ('7801ff1da06211e8b8e700aca0f76cb0', '1', '0101-0004', '3', '1', 'admin', '2018-08-15 16:08:02', null, '2018-08-15 16:08:02');
INSERT INTO `t_sys_permission` VALUES ('7801ff67a06211e8b8e700aca0f76cb0', '1', '0102', '2', '1', 'admin', '2018-08-15 16:08:02', null, '2018-08-15 16:08:02');
INSERT INTO `t_sys_permission` VALUES ('7801ffaaa06211e8b8e700aca0f76cb0', '1', '0102-0001', '3', '1', 'admin', '2018-08-15 16:08:02', null, '2018-08-15 16:08:02');
INSERT INTO `t_sys_permission` VALUES ('7801fffba06211e8b8e700aca0f76cb0', '1', '0102-0002', '3', '1', 'admin', '2018-08-15 16:08:02', null, '2018-08-15 16:08:02');
INSERT INTO `t_sys_permission` VALUES ('78020045a06211e8b8e700aca0f76cb0', '1', '02', '1', '1', 'admin', '2018-08-15 16:08:02', null, '2018-08-15 16:08:02');
INSERT INTO `t_sys_permission` VALUES ('78020088a06211e8b8e700aca0f76cb0', '1', '0201', '2', '1', 'admin', '2018-08-15 16:08:02', null, '2018-08-15 16:08:02');
INSERT INTO `t_sys_permission` VALUES ('780200cfa06211e8b8e700aca0f76cb0', '1', '0201-0005', '3', '1', 'admin', '2018-08-15 16:08:02', null, '2018-08-15 16:08:02');
INSERT INTO `t_sys_permission` VALUES ('78020112a06211e8b8e700aca0f76cb0', '1', '0201-0001', '3', '1', 'admin', '2018-08-15 16:08:02', null, '2018-08-15 16:08:02');
INSERT INTO `t_sys_permission` VALUES ('78020158a06211e8b8e700aca0f76cb0', '1', '0201-0002', '3', '1', 'admin', '2018-08-15 16:08:02', null, '2018-08-15 16:08:02');
INSERT INTO `t_sys_permission` VALUES ('7802019fa06211e8b8e700aca0f76cb0', '1', '0201-0003', '3', '1', 'admin', '2018-08-15 16:08:02', null, '2018-08-15 16:08:02');
INSERT INTO `t_sys_permission` VALUES ('780201e5a06211e8b8e700aca0f76cb0', '1', '0201-0004', '3', '1', 'admin', '2018-08-15 16:08:02', null, '2018-08-15 16:08:02');
INSERT INTO `t_sys_permission` VALUES ('7802022ca06211e8b8e700aca0f76cb0', '1', '0202', '2', '1', 'admin', '2018-08-15 16:08:02', null, '2018-08-15 16:08:02');
INSERT INTO `t_sys_permission` VALUES ('7802026fa06211e8b8e700aca0f76cb0', '1', '0202-0003', '3', '1', 'admin', '2018-08-15 16:08:02', null, '2018-08-15 16:08:02');
INSERT INTO `t_sys_permission` VALUES ('780202b5a06211e8b8e700aca0f76cb0', '1', '0202-0001', '3', '1', 'admin', '2018-08-15 16:08:02', null, '2018-08-15 16:08:02');
INSERT INTO `t_sys_permission` VALUES ('780202fca06211e8b8e700aca0f76cb0', '1', '0202-0002', '3', '1', 'admin', '2018-08-15 16:08:02', null, '2018-08-15 16:08:02');
INSERT INTO `t_sys_permission` VALUES ('7802033fa06211e8b8e700aca0f76cb0', '1', '0203', '2', '1', 'admin', '2018-08-15 16:08:02', null, '2018-08-15 16:08:02');
INSERT INTO `t_sys_permission` VALUES ('7802038da06211e8b8e700aca0f76cb0', '1', '0203-0003', '3', '1', 'admin', '2018-08-15 16:08:02', null, '2018-08-15 16:08:02');
INSERT INTO `t_sys_permission` VALUES ('780203d0a06211e8b8e700aca0f76cb0', '1', '0203-0001', '3', '1', 'admin', '2018-08-15 16:08:02', null, '2018-08-15 16:08:02');
INSERT INTO `t_sys_permission` VALUES ('78020416a06211e8b8e700aca0f76cb0', '1', '0203-0002', '3', '1', 'admin', '2018-08-15 16:08:02', null, '2018-08-15 16:08:02');
INSERT INTO `t_sys_permission` VALUES ('7802045da06211e8b8e700aca0f76cb0', '1', '0204', '2', '1', 'admin', '2018-08-15 16:08:02', null, '2018-08-15 16:08:02');
INSERT INTO `t_sys_permission` VALUES ('780204a0a06211e8b8e700aca0f76cb0', '1', '0204-0003', '3', '1', 'admin', '2018-08-15 16:08:02', null, '2018-08-15 16:08:02');
INSERT INTO `t_sys_permission` VALUES ('780204e3a06211e8b8e700aca0f76cb0', '1', '0204-0001', '3', '1', 'admin', '2018-08-15 16:08:02', null, '2018-08-15 16:08:02');
INSERT INTO `t_sys_permission` VALUES ('78020529a06211e8b8e700aca0f76cb0', '1', '0204-0002', '3', '1', 'admin', '2018-08-15 16:08:02', null, '2018-08-15 16:08:02');
INSERT INTO `t_sys_permission` VALUES ('7802056ca06211e8b8e700aca0f76cb0', '1', '0205', '2', '1', 'admin', '2018-08-15 16:08:02', null, '2018-08-15 16:08:02');
INSERT INTO `t_sys_permission` VALUES ('780205b3a06211e8b8e700aca0f76cb0', '1', '0205-0001', '3', '1', 'admin', '2018-08-15 16:08:02', null, '2018-08-15 16:08:02');
INSERT INTO `t_sys_permission` VALUES ('780205f6a06211e8b8e700aca0f76cb0', '1', '0205-0002', '3', '1', 'admin', '2018-08-15 16:08:02', null, '2018-08-15 16:08:02');
INSERT INTO `t_sys_permission` VALUES ('7802063ca06211e8b8e700aca0f76cb0', '1', '0206', '2', '1', 'admin', '2018-08-15 16:08:02', null, '2018-08-15 16:08:02');
INSERT INTO `t_sys_permission` VALUES ('78020686a06211e8b8e700aca0f76cb0', '1', '0206-0001', '3', '1', 'admin', '2018-08-15 16:08:02', null, '2018-08-15 16:08:02');
INSERT INTO `t_sys_permission` VALUES ('780206c6a06211e8b8e700aca0f76cb0', '1', '03', '1', '1', 'admin', '2018-08-15 16:08:02', null, '2018-08-15 16:08:02');
INSERT INTO `t_sys_permission` VALUES ('78020705a06211e8b8e700aca0f76cb0', '1', '0301', '2', '1', 'admin', '2018-08-15 16:08:02', null, '2018-08-15 16:08:02');
INSERT INTO `t_sys_permission` VALUES ('78020745a06211e8b8e700aca0f76cb0', '1', '0301-0012', '3', '1', 'admin', '2018-08-15 16:08:02', null, '2018-08-15 16:08:02');
INSERT INTO `t_sys_permission` VALUES ('78020788a06211e8b8e700aca0f76cb0', '1', '0301-0005', '3', '1', 'admin', '2018-08-15 16:08:02', null, '2018-08-15 16:08:02');
INSERT INTO `t_sys_permission` VALUES ('780207c7a06211e8b8e700aca0f76cb0', '1', '0301-0006', '3', '1', 'admin', '2018-08-15 16:08:02', null, '2018-08-15 16:08:02');
INSERT INTO `t_sys_permission` VALUES ('7802080ea06211e8b8e700aca0f76cb0', '1', '0301-0007', '3', '1', 'admin', '2018-08-15 16:08:02', null, '2018-08-15 16:08:02');
INSERT INTO `t_sys_permission` VALUES ('7802085ba06211e8b8e700aca0f76cb0', '1', '0301-0008', '3', '1', 'admin', '2018-08-15 16:08:02', null, '2018-08-15 16:08:02');
INSERT INTO `t_sys_permission` VALUES ('780208a5a06211e8b8e700aca0f76cb0', '1', '0301-0010', '3', '1', 'admin', '2018-08-15 16:08:02', null, '2018-08-15 16:08:02');
INSERT INTO `t_sys_permission` VALUES ('780208eca06211e8b8e700aca0f76cb0', '1', '0301-0009', '3', '1', 'admin', '2018-08-15 16:08:02', null, '2018-08-15 16:08:02');
INSERT INTO `t_sys_permission` VALUES ('78020936a06211e8b8e700aca0f76cb0', '1', '0301-0011', '3', '1', 'admin', '2018-08-15 16:08:02', null, '2018-08-15 16:08:02');
INSERT INTO `t_sys_permission` VALUES ('78020980a06211e8b8e700aca0f76cb0', '1', '0302', '2', '1', 'admin', '2018-08-15 16:08:02', null, '2018-08-15 16:08:02');
INSERT INTO `t_sys_permission` VALUES ('780209caa06211e8b8e700aca0f76cb0', '1', '0302-0001', '3', '1', 'admin', '2018-08-15 16:08:02', null, '2018-08-15 16:08:02');

-- ----------------------------
-- Table structure for `t_sys_user`
-- ----------------------------
DROP TABLE IF EXISTS `t_sys_user`;
CREATE TABLE `t_sys_user` (
  `id` varchar(32) NOT NULL COMMENT 'ID',
  `user_name` varchar(40) DEFAULT NULL COMMENT '',
  `account` varchar(30) DEFAULT NULL COMMENT '',
  `passwd` varchar(60) DEFAULT NULL COMMENT '',
  `role_name` varchar(30) DEFAULT NULL COMMENT '',
  `is_use` int(11) DEFAULT '1' COMMENT '',
  `status` int(11) DEFAULT '1' COMMENT '',
  `create_by` varchar(30) DEFAULT NULL COMMENT '',
  `create_time` timestamp NOT NULL DEFAULT CURRENT_TIMESTAMP COMMENT '',
  `update_by` varchar(30) DEFAULT NULL COMMENT '',
  `update_time` timestamp NOT NULL DEFAULT CURRENT_TIMESTAMP COMMENT '',
  PRIMARY KEY (`id`)
) ENGINE=InnoDB DEFAULT CHARSET=utf8 COMMENT='';

-- ----------------------------
-- Records of t_sys_user
-- ----------------------------
INSERT INTO `t_sys_user` VALUES ('1', 'joyu', 'admin', '123456', '', '1', '1', 'joyu', '2018-07-26 10:07:27', 'joyu', '2018-08-02 17:24:49');
INSERT INTO `t_sys_user` VALUES ('20c65a2796c611e89c8500aca0f76cb0', '', 'zhangyin', '123', '', '1', '1', '', '2018-08-03 10:36:59', null, '2018-08-03 10:36:58');
INSERT INTO `t_sys_user` VALUES ('3502e539963211e89c8500aca0f76cb0', '', 'luoxu', '123', '', '1', '1', 'joyu', '2018-08-02 16:58:13', null, '2018-08-02 16:58:12');
INSERT INTO `t_sys_user` VALUES ('89c05204963311e89c8500aca0f76cb0', '', 'yujingu', '123', '', '1', '1', 'joyu', '2018-08-02 17:07:44', 'joyu', '2018-08-02 17:14:24');
INSERT INTO `t_sys_user` VALUES ('fa30e6f096e411e89c8500aca0f76cb0', '', 'liushipei', '123', '', '1', '1', '', '2018-08-03 14:17:48', null, '2018-08-03 14:17:48');
